Dataset,attr_conc.mean,attr_conc.sd,attr_ent.mean,attr_ent.sd,attr_to_inst,can_cor.mean,can_cor.sd,cat_to_num,class_conc.mean,class_conc.sd,class_ent,cor.mean,cor.sd,cov.mean,cov.sd,eigenvalues.mean,eigenvalues.sd,eq_num_attr,freq_class.mean,freq_class.sd,g_mean.mean,g_mean.sd,gravity,h_mean.mean,h_mean.sd,inst_to_attr,iq_range.mean,iq_range.sd,joint_ent.mean,joint_ent.sd,kurtosis.mean,kurtosis.sd,lh_trace,mad.mean,mad.sd,max.mean,max.sd,mean.mean,mean.sd,median.mean,median.sd,min.mean,min.sd,mut_inf.mean,mut_inf.sd,nr_attr,nr_bin,nr_cat,nr_class,nr_cor_attr,nr_disc,nr_inst,nr_norm,nr_num,nr_outliers,ns_ratio,num_to_cat,p_trace,range.mean,range.sd,roy_root,sd.mean,sd.sd,sd_ratio,skewness.mean,skewness.sd,sparsity.mean,sparsity.sd,t_mean.mean,t_mean.sd,var.mean,var.sd,w_lambda,DecisionTree,SVM,KNN,LR,MLP
autoUniv-au6-1000,0.0075851081244144155,0.0032242397220313673,2.8026678208724487,0.8106262833384581,0.044,0.20570961350841585,0.046754470393960454,0.0,0.007714692867802478,0.004093482375723374,2.9216026617368103,0.03006252879474553,0.05627134270093689,36776.73481041324,1029106.3839216102,23975032.34633664,111404601.80296075,73.29072505836906,0.125,0.048029752683697455,3294.124365162998,11702.158808254957,1779.6943754842403,3030.0013835336094,10833.76727793182,22.727272727272727,2034.3731136363633,8684.853811308736,5.684407284920738,0.7950944699796708,-0.9579298929907343,0.6706859823874094,0.32653148879440885,1555.2316473749997,6816.727040579921,5709.281727272727,20970.078104704015,3564.7237126136356,12651.245244896892,3728.7535568181816,13235.048168079997,1914.9865454545454,7649.145897499255,0.03986319768852106,0.02661486829529521,44,7,0,8,0.0031712473572938693,7.0,1000,0.0,44,6,69.30715003777783,,0.3093309986393912,3794.2951818181823,16008.366129151611,0.08734228372916478,1139.378584934896,4817.075602786328,,0.009751453685873603,0.5184395449474594,0.08602148610420263,0.18209615685849706,3506.9808712121217,12432.820806489233,23975032.346336618,111195217.57909313,0.7277831948388398,0.20197742652832473,0.24000047952143763,0.18900037762313213,0.22598346849843856,0.15901230571889255
autoUniv-au6-750,0.00854062280051438,0.00580824654583581,2.8015462156489583,0.8106419631339609,0.058666666666666666,0.23156895160931962,0.051994049648641905,0.0,0.009487498786751742,0.0030953592597365706,2.893653383238954,0.03484486640450342,0.05699210644979275,27577.140796264688,556483.6040466895,23541691.750635937,108699627.03228922,57.682588544388636,0.12499999999999999,0.053763739476897277,3245.1439517657273,11547.660849569043,2362.676012340013,2986.7554472584834,10708.406159493976,17.045454545454547,2007.1887102272726,8494.357329199489,5.645034489168328,0.7908876268793764,-0.9347921662354722,0.6932007592182454,0.41949966886930584,1600.886477972727,6943.821434655829,5708.412681818182,20968.696461067295,3514.499744727273,12481.814007572417,3635.191568181818,12903.902120887462,1916.6938409090908,7651.635075923649,0.05016510971958536,0.025526853059488055,44,7,0,8,0.004228329809725159,7.0,750,0.0,44,8,54.84650828651899,,0.3915895426392685,3791.7188409090913,15997.761879635804,0.11192986265856078,1131.8201781514051,4772.668535254287,,0.025140640745056387,0.533240846852364,0.08592189939995792,0.18206135539370108,3448.8166358585863,12240.801356276232,23541691.75063593,108636845.51011664,0.6668597504315958,0.19066666666666668,0.2333333333333333,0.14533333333333334,0.24533333333333332,0.14133333333333334
BachChoralHarmony,0.005286193688973681,0.026236831925640716,0.36056874743810396,0.5023085346532051,0.018358340688437776,0.24141399322277718,0.24778796166959446,0.0,0.2570086192611117,0.263456567118693,4.970367640442071,0.044464707368888697,0.07453146598891812,0.00900494430023843,0.06507203493539516,13.4282761278578,136.18920331659677,31.64114336029366,0.009803921568627449,0.019486732579002245,0.39345107536085683,3.7328646629584363,19.391316747035184,0.20515350014832143,1.841008123641475,54.47115384615385,0.625,5.001334773294336,5.173850798909981,0.4087932978852149,152.16154082902762,775.8687325115633,33.11951767674541,0.37065,3.63601811948768,3.019230769230769,20.199961919232944,0.6779737253038223,5.231033354753735,0.6057692307692307,4.711931290874037,0.019230769230769232,0.1380002272946792,0.15708558897019392,0.19959625647222606,104,102,0,102,0.002987303958177745,101.0,5665,8.0,104,91,1.2953649014011064,,12.026239723337719,3.0,20.10120027329673,6.950793599254099,0.5745731397638256,3.6366616917856796,,6.892241978460683,10.374910562885905,0.4922645167008882,0.05653668741960343,0.6115967365967366,4.770341106947395,13.428276127857798,136.18755587247995,1.542626108395697e-08,0.667966191420445,0.1417473635648551,0.5299202863440735,0.713855565824144,0.5189909691254453
cardiotocography,0.03524207426849812,0.05224424544238208,2.127211404036257,1.4584979728272394,0.016462841015992474,0.9999999999999998,1.8410966031475738e-16,0.0,0.35877973197168894,0.42130602011548185,2.913356388291818,0.16656373286016293,0.16763102476513164,1402.717760905005,32240.681321394317,47793.721852809416,273716.9910703851,7.382268497177457,0.1,0.08207275433163867,,,291.6792819282486,,,60.74285714285714,92.36999999999999,338.44179754210234,4.645925361020446,1.4259643967975566,17.676318020943445,52.53407083507405,inf,51.68343599999999,184.44809088047847,273.5057142857143,802.1952662915083,106.21290686735655,316.7994019245148,82.3457142857143,225.4099446405529,25.60571428571429,57.97824106485804,0.3946424313076276,0.25289603929442717,35,11,0,10,0.05378151260504202,9.0,2126,0.0,35,25,4.390224758619721,,8.999999999999998,247.9,770.705356456401,inf,60.49882589182836,213.14704170293192,,2.388815785610404,3.4527271303051803,0.18682983969344166,0.22383217158035507,94.90479175996417,278.825566407405,47793.72185280941,196295.99021674646,0.0,0.9995298542548191,0.25493453818141254,0.32032331152600807,0.5888847717933803,0.6514692718584569
collins,0.025219788060312654,0.021636045155823107,3.1506962239350234,0.05986021989099759,0.019,0.29035561635742835,0.21910970669393898,0.0,0.0781528739215605,0.031737618501282025,4.648562076012778,0.21493716119922762,0.16354739164066112,0.3572042623161173,0.9741895322914078,2.4722189370001577,8.03594910866248,10.139280847879235,0.03333333333333333,0.02087290494683335,2.91207876718085,6.935453571653532,9.766091457748637,2.758298847502925,6.818663131762533,52.63157894736842,1.3757894736842107,1.7605815115387107,7.340787709601636,0.17891102986823273,3.7907548288400745,6.772444000132294,6.047184345351949,0.971883315789474,1.2894995706284265,7.82842105263158,9.582247047510943,3.303781052631579,6.9442674556707376,3.1378947368421053,6.851230286068958,0.8942105263157896,2.922244791232083,0.45847059034616716,0.17648679806828502,19,0,0,30,0.07017543859649122,19.0,1000,0.0,19,19,5.872188293596101,,2.4659844392708115,6.934210526315789,6.915708621030396,3.92037390840408,1.0603008551929445,1.1928406719551652,,1.1947317120891043,0.9941847242041884,0.0033473010222217566,0.0021857310739240355,3.1969754385964917,6.953065154513699,2.4722189370001577,6.6502454903292545,0.031184477790765275,0.14700029370688053,0.15999532466598335,0.16399033764303225,0.24999850149550748,0.23498648348947748
Corporate_Credit,0.0006164545784165458,0.0020689140976191327,0.06015025827604645,0.3849658310600783,1.050763923114835,0.9001534589958096,0.073619666066764,0.0,0.006667801427953793,0.027400184470192185,2.3129542388355264,0.002449975582570322,0.02296647517194636,37592.61029926905,27979705.60091072,53001364.680854686,1759073373.726577,603.3450414545894,0.09999999999999999,0.1207643244892663,,,14800.134766036643,,,0.951688555347092,0.039909849845684804,0.8583476574904891,2.3692709456941965,0.37228646026840134,1059.9647173536819,665.2706472461751,71.44077971067593,0.027215437939428516,0.625380357774444,11721.800012225984,247305.64118364415,12.7860963124336,267.4636572360739,0.03841073407410881,0.9634136627031621,-72.62028491911444,2100.0242745939313,0.003833551417376835,0.014439903805268616,2132,2107,0,10,0.00043536713026589533,9.0,2029,0.0,2132,2129,14.690479069459085,,7.3358450895333425,11794.4202971451,247511.4626350366,23.10905917247066,349.69928939353116,7273.505983694431,,30.770195080920203,10.621902521455027,0.49389344997645623,0.05380986240707118,0.0392140917029537,0.9512946960187382,53001364.68085471,1193847128.7169104,2.9085723532851286e-08,0.33464655822910566,0.3302116018284636,0.24791617502673066,0.3080309929815668,0.28929623381958347
Corporate_Credit_Rating,0.012236298099605396,0.02702126608958585,2.0084655841400894,1.5892154531834957,0.02661409561360276,1.0,,0.0,0.013892500662859868,0.04539134062588504,0.9480911965241458,0.044217749646788596,0.1264913016163016,59676564.1318873,1113582991.5557141,2092572399.6188996,10957522953.737593,47.92719752700155,0.5,0.1885385749738404,,,28158.050442139323,,,37.574074074074076,1.9460703679814815,5.437335366471778,2.936774877163827,1.5923766508658443,458.6096419102404,499.4951928651913,inf,1.3490613645715113,4.017494398253658,462793.62270492216,1498801.1835053999,542.4958056242083,1630.8226391018509,39.22021638974074,273.87460623514534,-2829.9897675472594,13017.197158602452,0.019781903500408166,0.04538929242240408,54,26,0,2,0.01816911250873515,1.0,2029,0.0,54,49,100.53045100531644,,1.0,465623.61247246945,1499297.0083258073,inf,13805.5421494572,44021.19727423708,,10.783655614248843,16.59762113793391,0.24480069289287862,0.24868107475817064,39.277957291033026,273.88536758518075,2092572399.6188993,7277236577.905749,0.0,1.0,0.6318374368879994,0.593407217711274,0.7733044613228683,0.8280105116260099
Corporate_Credit_Ratings,0.010654905023757823,0.030197383709573884,2.0084655841400894,1.5892154531834957,0.02661409561360276,1.0,,0.0,0.013892500662859868,0.04539134062588504,0.9480911965241458,0.044217749646788596,0.1264913016163016,59676564.1318873,1113582991.5557141,2092572399.6188996,10957522953.737593,47.92719752700155,0.5,0.1885385749738404,,,28158.050442139323,,,37.574074074074076,1.9460703679814815,5.437335366471778,2.936774877163827,1.5923766508658443,458.6096419102404,499.4951928651913,inf,1.3490613645715113,4.017494398253658,462793.62270492216,1498801.1835053999,542.4958056242083,1630.8226391018509,39.22021638974074,273.87460623514534,-2829.9897675472594,13017.197158602452,0.019781903500408166,0.04538929242240408,54,26,0,2,0.01816911250873515,1.0,2029,0.0,54,49,100.53045100531644,,1.0,465623.61247246945,1499297.0083258073,inf,13805.5421494572,44021.19727423708,,10.783655614248843,16.59762113793391,0.24480069289287862,0.24868107475817064,39.277957291033026,273.88536758518075,2092572399.6188993,7277236577.905749,0.0,1.0,0.6318374368879994,0.593407217711274,0.7733044613228683,0.8280105116260099
Corporate_Credit_Rating_Classification,-1.826668220250501e-05,1.4138085759364214e-05,0.06015025827604645,0.3849658310600783,1.050763923114835,0.9001534589958096,0.073619666066764,0.0,0.006667801427953793,0.027400184470192185,2.3129542388355264,0.002449975582570322,0.02296647517194636,37592.61029926905,27979705.60091072,53001364.680854686,1759073373.726577,603.3450414545894,0.09999999999999999,0.1207643244892663,,,14800.134766036643,,,0.951688555347092,0.039909849845684804,0.8583476574904891,2.3692709456941965,0.37228646026840134,1059.9647173536819,665.2706472461751,71.44077971067593,0.027215437939428516,0.625380357774444,11721.800012225984,247305.64118364415,12.7860963124336,267.4636572360739,0.03841073407410881,0.9634136627031621,-72.62028491911444,2100.0242745939313,0.003833551417376835,0.014439903805268616,2132,2107,0,10,0.00043536713026589533,9.0,2029,0.0,2132,2129,14.690479069459085,,7.3358450895333425,11794.4202971451,247511.4626350366,23.10905917247066,349.69928939353116,7273.505983694431,,30.770195080920203,10.621902521455027,0.49389344997645623,0.05380986240707118,0.0392140917029537,0.9512946960187382,53001364.68085471,1193847128.7169104,2.9085723532851286e-08,0.33464655822910566,0.3302116018284636,0.24791617502673066,0.3080309929815668,0.28929623381958347
dailybike,0.05267879586401096,0.14501361858304085,2.242050474168217,1.1378597549931804,0.016415868673050615,0.904505688601121,0.05184826057034201,0.0,0.8477162028526709,0.015386477653621767,9.159029630815443,0.10509644502389176,0.1805278467100216,0.07472917349351464,0.39171078257640374,7.971829441994093,22.242594392720058,4.5313768885260055,0.0016501650165016502,0.0006223506485202144,169.46821234750325,580.1007414409996,16.9712858324239,168.9248679012581,580.2652574391196,60.916666666666664,2.4914637916666664,4.335265413170217,9.37983361498032,0.09492305594401663,1.6160099667302579,8.88478905851047,88.1602391583338,1.7850096285,3.481663490851105,172.7652105,579.2739057994567,170.26243901354312,579.8567356412941,170.39939233333334,579.9716666917634,167.93004930833334,580.4166992711829,2.0212464900033393,1.0465143272977302,12,3,0,606,0.045454545454545456,12.0,731,0.0,12,3,0.10924149293860387,,9.847137151907331,4.835161191666667,8.500588695557111,32.70665886618288,1.4684182571992794,2.51878266352861,,0.5176927368882427,1.6653021731316904,0.1946027496445156,0.2118666988713772,170.25999459415337,579.8576436908155,7.971829441994093,22.20028471840035,1.7271164568195378e-10,0.00273224043715847,0.002737862331062088,0.0,0.001366120218579235,0.002737862331062088
dionis_seed_0_nrows_2000_nclasses_10_ncols_100_stratify_True,0.09332272007172737,0.18290474312331872,3.022522652942206,1.2300880357123694,0.03,,,0.0,0.3086649766166466,0.08780579262182929,8.450085425476393,,,819708899.3641762,5667790203.7082,6811897166.058672,50420380469.567024,5.492541629769498,0.0028169014084507044,0.0005142011289239952,,,93521.87023331763,,,33.333333333333336,1628.1,1461.6672025522598,9.93414264746455,0.6270749741531966,,,,1142.0467800000004,1069.7049092425148,660087.9833333333,2261863.7389510246,1519.0334583333338,4093.8505057492357,1747.8166666666666,3703.2307172900023,-925532.4166666666,2637010.220077033,1.5384654309540506,0.6330859993602949,60,0,0,355,0.07175141242937853,,2000,6.0,60,54,0.9646347536504899,,,1585620.4,3631682.306661343,,33943.02036917869,75866.30882360206,,,,0.10274827115976638,0.30182688944198505,1737.957875,3668.76328424928,6811897166.058669,23990781609.69837,,0.20349660004832418,0.00949825387606497,0.13750557153855505,0.29450214832523675,0.07699303501402452
dionis_seed_1_nrows_2000_nclasses_10_ncols_100_stratify_True,0.01481017952645521,0.017995320315812698,3.0198473344568573,1.2329925677788065,0.03,0.49313735333545927,0.26371346363490467,0.0,0.30757315706865207,0.08911432968921304,8.450085425476393,,,87897076.5706063,496294441.54081076,1187969128.128541,4639567385.359584,5.506027017594038,0.0028169014084507044,0.0005142011289239952,,,52689.88791207949,,,33.333333333333336,1640.8291666666667,1500.069329253515,9.935235345904067,0.6304358994115414,,,52.48842143976315,1154.32765,1096.2447433655484,374450.75,760037.5077847909,1714.8525333333332,3733.104487147249,1751.475,3710.151574665316,-374717.11666666664,737597.4722553816,1.5346974140291847,0.6323834609955626,60,0,0,355,0.022033898305084745,60.0,2000,6.0,60,52,0.9677151384054071,,18.69420961851887,749167.8666666667,1332421.9130124836,7.198839386855023,17817.82943964886,29753.121166935805,,,,0.10346208759043599,0.3017001421390332,1739.2974444444444,3675.1985999254157,1187969128.1285415,2508364173.408181,5.105971339214179e-13,0.19598759178969075,0.008500254377315846,0.1309975642809226,0.3109946528237383,0.02650326488407448
dionis_seed_2_nrows_2000_nclasses_10_ncols_100_stratify_True,0.056310284163073675,0.1356966718607632,3.0206659220900898,1.2313754387210538,0.03,0.4910597902151331,0.27517409076634003,0.0,0.31160389859812315,0.08871325600966957,8.450085425476393,,,308357993216.90393,2038019432094.7778,2232188854739.954,17248291833901.73,5.470550650914573,0.0028169014084507044,0.0005142011289239952,,,96832.94285269805,,,33.333333333333336,1658.3416666666667,1516.7553536729251,9.926101464092012,0.6269988133487202,,,57.17904936190634,1164.23636,1110.1262756836038,10940630.316666666,37836165.3231758,-848.7726833333334,33458.480857665934,1749.7083333333333,3707.971311678997,-16044570.7,52135701.56607421,1.5446498834744724,0.637498621609836,60,0,0,355,0.10056497175141244,60.0,2000,6.0,60,54,0.9555667303036514,,18.935909087483665,26985201.016666666,63632267.13127601,8.529002105695836,586860.5840187541,1385561.2005023132,,,,0.10258656236237898,0.3018539938239467,1733.1833194444441,3672.9752072081897,2232188854739.9536,6536657948037.379,1.7150999972273126e-13,0.22199110654882767,0.005500252876564721,0.12149705927816871,0.2689931310620966,0.039998769384076725
dionis_seed_3_nrows_2000_nclasses_10_ncols_100_stratify_True,0.09901522446000413,0.1811730862919522,3.020440201874965,1.231249880314935,0.03,0.4881763074537229,0.2784549100972467,0.0,0.3110475292767659,0.08822591646417831,8.450085425476393,,,2129546601467.3396,11359938409609.508,12593081919282.977,97460367886857.69,5.4663118174228895,0.0028169014084507044,0.0005142011289239952,,,65533.326580196335,,,33.333333333333336,1610.1208333333334,1443.3645152639103,9.924677950213134,0.6238559681494242,,,58.438062549286485,1125.6640499999999,1056.7750468650115,32033974.716666665,110278978.42366962,-42.206358333333284,80975.62733214216,1758.9083333333333,3718.0818837133183,-36340192.416666664,105087137.77136935,1.5458476771382232,0.6378646706994437,60,0,0,355,0.10056497175141244,60.0,2000,6.0,60,54,0.9539054504170853,,18.873657510027787,68374167.13333334,145039520.31922847,8.145239658018895,1520319.4868279467,3233570.295853269,,,,0.10273983138980892,0.301839108302989,1746.8816111111112,3679.136153394378,12593081919282.98,38573406124453.805,1.3384260363451393e-13,0.2254968611790201,0.006000003001502251,0.15350357854105978,0.23998661329995663,0.03750377063720392
dionis_seed_4_nrows_2000_nclasses_10_ncols_100_stratify_True,0.012586144222471424,0.010101295814218,3.0196673166049925,1.2328559999352715,0.03,,,0.0,0.31277413246533486,0.08643496875968272,8.450085425476393,,,171139887.22333744,1465170119.2780564,6609641020.4558735,43194299944.746414,5.456289647604987,0.0028169014084507044,0.0005142011289239952,,,168628.54505821777,,,33.333333333333336,1635.2208333333333,1471.7148881691098,9.921065635782783,0.623828667124218,,,,1147.223525,1078.6633331285527,461195.2,1184565.089278129,1359.4897249999997,4320.190686261063,1755.55,3711.2598946897,-796443.6166666667,2815080.5080000283,1.5486871062986034,0.6397787236020853,60,0,0,355,0.023728813559322035,,2000,6.0,60,54,0.9498240182434685,,,1257638.8166666667,3838016.045506604,,26894.169538196176,77369.97621142134,,,,0.10314528383316042,0.30175817329604515,1736.0707916666665,3675.7888964061235,6609641020.455877,41656447011.70134,,0.21249660455057753,0.006000003001502251,0.14150657404030717,0.27200738969854416,0.07248027637832735
Fetal_cardiotocography_dataset,0.039858673450235894,0.05522979756764682,2.042658395551808,1.4623686057249552,0.016933207902163686,0.9688777457882927,0.035939519617648345,0.0,0.09686172145812326,0.16394276476347547,0.9742047584181182,,,1320.8601347828924,31332.56592773662,46459.9198841455,269896.6807964412,7.957076986421279,0.3333333333333333,0.38650317318772354,,,192.3956200803595,,,59.05555555555556,89.13749999999999,334.07572802221273,2.894430662732177,1.433139791418144,,,94.9303249019115,49.753585,182.1044775966041,264.8527777777778,792.2892456983158,102.68996811957771,312.90827287901715,79.36388888888888,222.7927212875909,24.894444444444446,57.30311357506523,0.12243249123774909,0.1273919690513197,36,11,0,3,0.05555555555555555,2.0,2126,1.0,36,25,15.683956806736967,,1.8787398216379543,239.95833333333334,761.0414981645688,86.82902549453587,58.47900099869811,210.40400238916095,,,,0.211618008634419,0.25759653425372087,91.6710205503309,275.44028845290916,46459.9198841455,193636.87721147045,0.0012510035273765436,0.8922336969658334,0.7784577625843673,0.7394409781156451,0.8367319292709553,0.8433637732781909
first-order-theorem-proving,0.14475791960581091,0.1131965546639586,3.3438800107756994,0.961858704214723,0.008336057535142204,0.28020048141557063,0.1084234284061876,0.0,0.016189218084373982,0.00849066880755459,2.3000070580673455,0.23782530348256709,0.21736638050125515,0.23252544314943976,0.21345354257163993,0.9902509755931391,2.2624145141021765,21.67261035598311,0.16666666666666666,0.12737275134258388,,,1.4430381321868357,,,119.96078431372548,0.6756467794117647,0.48913726759554066,5.537762009595977,0.9326675954308925,227.92792815917937,589.3786755368322,0.5094836927124824,0.3209576376588235,0.29598061854919616,14.915953921568626,15.456558922561268,-0.0005510331198841106,0.019781702773370904,-0.1625565294117647,0.28568472845641246,-1.176286705882353,1.0212708527977343,0.10612505924706885,0.037312692552020216,51,0,0,6,0.12705882352941175,5.0,6118,0.0,51,46,30.508863547400626,,0.4395841082369946,16.09224062745098,15.025622348510323,0.2549021064587202,0.9916438519187989,0.08385293957687127,,7.437327695804745,11.334262908999055,0.006730694440604201,0.010837519604526207,-0.1479718880291768,0.19278017556477678,0.9902509755931393,0.19795607152624412,0.6235540031864317,0.49313549189497613,0.5129125837027635,0.5117687928530903,0.4607670843390487,0.531219968778749
first-order-theorem-proving_seed_0_nrows_2000_nclasses_10_ncols_100_stratify_True,0.11228674434547273,0.1522285350507814,2.9110038000773977,0.8013278786538383,0.0255,0.3213202845828277,0.10321575304547727,0.0,0.020548677093394956,0.008981532650846202,2.3000113174598753,0.24638567765227695,0.2194849107486411,0.25494552793844627,0.24224618018203223,1.155872721225412,2.571914985419441,23.078984548855946,0.16666666666666666,0.1273835415847223,,,1.407876760146267,,,39.21568627450981,0.6792533333333332,0.4907232285058393,5.111356862964114,0.7765168476822613,107.93552174633986,241.56085488276008,0.660136116434153,0.3241858828764706,0.30104235669962925,12.387961764705883,14.205809747694174,0.009309603803921571,0.025856340579536924,-0.16211832352941175,0.28378812525441977,-1.1644369019607843,1.0050266980122917,0.0996582545731584,0.03219252655264196,51,0,0,6,0.1388235294117647,5.0,2000,0.0,51,45,28.209861366179666,,0.5588475931289267,13.552398666666667,13.855254880021466,0.2843656116045539,1.0538436293152058,0.21492336471568171,,5.710202736913504,7.646151110230498,0.008363516653189507,0.013512438755506388,-0.1468995175,0.19067764720527944,1.1558727212254116,0.5562300650262034,0.5454893480854013,0.48750099424762094,0.49500550025287654,0.502001251626439,0.47599923761842805,0.5299940120030076
first-order-theorem-proving_seed_1_nrows_2000_nclasses_10_ncols_100_stratify_True,0.08319384179317191,0.05649786751788417,2.9307743008586526,0.8071041318408638,0.0255,0.30772294522264787,0.09242794427339955,0.0,0.018672922486251308,0.00763631090885325,2.3000113174598753,0.23733296538372556,0.2147039353680059,0.22169218680049216,0.2070389123081571,1.001867741607217,2.2039010955267475,24.270773170224906,0.16666666666666666,0.1273835415847223,,,1.2174168278991262,,,39.21568627450981,0.6628661470588235,0.4882218488817486,5.136020968617072,0.7806553613205379,150.94166419674605,403.0609135889685,0.5876041865935563,0.3131516614470588,0.29801454037810693,11.899987254901962,14.243515657842634,-0.007461744225490194,0.026316130583061842,-0.16372735294117646,0.2865745000613155,-1.1640847450980392,1.0150853523685157,0.09476464970145664,0.03463913851516765,51,0,0,6,0.12627450980392158,5.0,2000,0.0,51,46,29.926873154616885,,0.5076387546129304,13.064072000000001,13.893206562914292,0.24986161250610284,0.9859199432399859,0.17443107312476486,,6.322976570282401,9.598653063095414,0.008471764650538364,0.013420538314762875,-0.14999831514705883,0.19525043283724985,1.0018677416072166,0.4077441127812885,0.5797034556039129,0.46850073461767616,0.5004914959937449,0.5024972498735617,0.46700073386730057,0.510497003750377
first-order-theorem-proving_seed_2_nrows_2000_nclasses_10_ncols_100_stratify_True,0.11009934315253093,0.0597508254316744,2.9287503591548587,0.7823431886843605,0.0255,0.30452077374636866,0.11278740003751014,0.0,0.020234998456123268,0.008715929694341719,2.3000113174598753,0.2482683837307632,0.21628895822782115,0.24106231181134677,0.22754870597225338,0.99086848074476,2.427529330869906,22.56279801129692,0.16666666666666666,0.1273835415847223,,,1.439730318464287,,,39.21568627450981,0.6721095392156863,0.4865940879868979,5.126823463264232,0.7565131040676862,65.52193582408663,127.50067303268948,0.6104821712556637,0.3205401258705882,0.3052456004257457,9.644734313725492,11.066997488007893,-0.0014344843039215695,0.030133557729751643,-0.16608264705882353,0.28335207197300133,-1.1567190588235294,0.9960516280946368,0.10193821335050235,0.03388795503445618,51,0,0,6,0.1419607843137255,5.0,2000,0.0,51,47,27.73064244401362,,0.5145484986443207,10.801453372549018,10.768409850489759,0.3038374701366143,0.9645409123673977,0.2484751401981941,,4.5330805822171785,5.039186977860781,0.0091479987991046,0.015530639746148805,-0.15456571228758167,0.18752335053489583,0.99086848074476,0.539080465921275,0.5717848737527824,0.47749923836880354,0.47800649224937075,0.4905084995040017,0.4780132456294375,0.5064982523753139
first-order-theorem-proving_seed_3_nrows_2000_nclasses_10_ncols_100_stratify_True,0.11823865811525677,0.06921933361472206,2.926947131418654,0.7859958081664452,0.0255,0.3169252591787654,0.09971677259347053,0.0,0.020830823111852442,0.009202289156689228,2.3000113174598753,0.25044582195526116,0.21498276523817705,0.23147127281547508,0.21871324400947265,0.8938136926232298,2.2897098179637814,22.05045337330768,0.16666666666666666,0.1273835415847223,,,1.6175369284183738,,,39.21568627450981,0.6913461813725491,0.5107435888492852,5.12265169025904,0.7580532220004143,52.229354409048796,97.76152363792197,0.6373590140907129,0.32588941934705873,0.3007511522567053,8.421818627450982,7.603176906413535,0.005043783911764705,0.03542595780053471,-0.15847276470588237,0.27895183212743657,-1.1424898431372548,0.9675063717192021,0.10430675861948782,0.03689076642814245,51,0,0,6,0.13254901960784313,5.0,2000,0.0,51,46,27.060953769028416,,0.54198183847347,9.564308470588236,7.275270313384878,0.28643074517260786,0.9255066085517677,0.1949262279767392,,4.121197951967813,4.423944988649238,0.009048095602887225,0.014933468892597312,-0.1399591065359477,0.19057961846783228,0.8938136926232301,0.26934805431229164,0.5562963681060296,0.4770077423750587,0.4929997463730597,0.502489746117932,0.47799673736705217,0.5275012643828236
first-order-theorem-proving_seed_4_nrows_2000_nclasses_10_ncols_100_stratify_True,0.10535419719666145,0.051018066519006984,2.9280579229637542,0.793534646611057,0.0255,0.31041759024094934,0.10291274286224883,0.0,0.018800736438157217,0.008568442253895981,2.3000113174598753,0.24511497579280214,0.21975629528567683,0.24031143309065373,0.23543401445458684,1.0391424615735327,2.44232863972013,23.912550412970084,0.16666666666666666,0.1273835415847223,,,1.7067211966930411,,,39.21568627450981,0.680857,0.4905774138844322,5.131884965733618,0.7692499820482522,95.8107880914181,213.32498109010703,0.6195340741362129,0.3296109197705882,0.3088330143009182,10.97387745098039,11.980219124475784,0.002955225637254902,0.023871485598857524,-0.15975398039215682,0.2831682303790092,-1.1458531764705884,0.9781282172926964,0.09618427469001203,0.03244391826763433,51,0,0,6,0.13568627450980392,5.0,2000,0.0,51,46,29.442168768236392,,0.5241595322287153,12.11973062745098,11.549575760211008,0.3031469080925301,1.0038084421393567,0.17927993341296375,,5.427383169268733,7.287556451717548,0.008554031952132474,0.013613204059379566,-0.14510443769607842,0.19118804253385988,1.039142461573533,0.4416668309405453,0.5664409938978391,0.4640059849954903,0.48700499600049824,0.5049990020005012,0.4700067383725554,0.5094960027493761
helena_seed_0_nrows_2000_nclasses_10_ncols_100_stratify_True,0.041853595927653996,0.059645425913690965,3.560274783852085,0.12818470831298182,0.0135,0.35346196320195655,0.1799566189427627,0.0,0.09356377307533359,0.022294497745308214,5.977419906627973,0.21156986095568447,0.23713707319367613,50.09461123987498,265.1509186530369,409.6315653779121,1725.131815203949,8.588258434300608,0.009999999999999998,0.011369372289736416,,,142.74783213603865,,,74.07407407407408,14.328028171296298,24.40851672425596,8.841695617751322,0.1656915707027478,24.725348291083204,53.327313675520784,7.417645706096673,10.38460624596111,17.634258068896084,57.48441874074074,78.17652842267381,20.897982989845904,39.20197747163828,19.709897885185185,37.0196559225962,-11.783389587333334,22.033210703229674,0.6959990727287364,0.12779179736705076,27,0,0,100,0.13675213675213677,27.0,2000,0.0,27,18,4.115344148223731,,4.215248706859773,69.26780832807408,77.55740522730562,2.650618251576427,10.664254130656202,17.52958129386826,,-0.07832859524624343,2.625179004145626,9.228744311939771e-05,0.00032862173025072065,20.082162063707035,37.60909196458753,409.6315653779119,1007.7186634046159,0.004845492479378997,0.15399582491036765,0.17250834042438243,0.1360025692859276,0.22500311405858633,0.19749884817351085
helena_seed_1_nrows_2000_nclasses_10_ncols_100_stratify_True,0.03830313132782815,0.051464585427686685,3.560308620018744,0.1279899944459844,0.0135,0.3545427185929847,0.18458445420635647,0.0,0.09444586935973083,0.022057842017819868,5.977419906627973,0.2109175516087111,0.23783234180329885,50.65482338645729,275.32390286444223,421.86924340241757,1788.7542725570604,8.507021353199468,0.009999999999999998,0.011369372289736416,,,156.8581937670085,,,74.07407407407408,14.269985724074074,24.514049585723576,8.835083069623161,0.16187130577274453,21.484562275017865,43.6520026835198,7.62277075624415,10.345890826623334,17.69738470623055,57.97142896296296,78.402946128882,20.673749264147816,38.70338828005725,19.538824177777776,36.37127680799071,-11.895454462592593,21.679407611929335,0.7026454570235541,0.1291331819659209,27,0,0,100,0.12535612535612536,27.0,2000,0.0,27,19,4.067005819834676,,4.279771500398338,69.86688342555557,77.98574234193197,2.706345511864299,10.819681077179766,17.79120472997874,,-0.17703027440650995,2.8125443250649638,9.344100743296667e-05,0.00033394226609207936,19.788377761646355,36.9152330965827,421.8692434024178,1043.7937900630634,0.004339118490237692,0.15049007028017522,0.18699959329644486,0.15200132666399532,0.23749761755758758,0.21449710580145365
helena_seed_2_nrows_2000_nclasses_10_ncols_100_stratify_True,0.05160090141011696,0.10126928420258975,3.56032137490155,0.12798476525243446,0.0135,0.3588494178544131,0.18603797036539554,0.0,0.09456412196373123,0.022302483301202616,5.977419906627973,0.209581637401786,0.2353269787937672,48.05887387431932,256.0310137248685,399.7301238201448,1671.409455329876,8.508575065787415,0.009999999999999998,0.011369372289736416,,,158.3345029829484,,,74.07407407407408,13.927144897222222,23.646859509385713,8.835224131429632,0.16627643103081924,23.684575530165695,46.712063374089276,7.535259359984715,10.136901595006668,17.094198578651238,58.55796922222222,78.44912328527879,20.872377378745107,39.02903984534988,19.810341937037034,36.77676402935309,-12.47149023111111,21.937298068246168,0.7025171500998917,0.12546479905023172,27,0,0,100,0.11965811965811966,27.0,2000,0.0,27,18,4.067949407918801,,4.376731713609752,71.02945945333333,77.96324149817977,2.3653108664903466,10.600253382432946,17.274757379244495,,-0.17488512048991356,2.7763567215910574,9.098417966532048e-05,0.0003243371216685028,20.081535120331324,37.38163221331001,399.7301238201448,983.0516595289209,0.004013321315578779,0.1650000825413119,0.19449959704832268,0.14700157428793112,0.23450211831021428,0.20551060805933372
helena_seed_3_nrows_2000_nclasses_10_ncols_100_stratify_True,0.03652922410305986,0.06758056512903982,3.5602412035396696,0.12836929324475543,0.0135,0.3474741465567093,0.18980584034525658,0.0,0.09214521640639094,0.023026076039185946,5.977419906627973,0.20834438549990453,0.23802442111924246,46.950728788040735,251.9255143583517,395.5734141935664,1644.233558967884,8.708028369563289,0.009999999999999998,0.011369372289736416,,,99.34941294833251,,,74.07407407407408,14.123587837962965,24.09003747160256,8.851234785751826,0.16822310858932282,22.73211955371989,46.36534633674316,7.278699626640655,10.276635349104447,17.47265786539177,55.94100455555555,79.95680228589474,20.757629012868076,38.88831957876328,19.738583644444446,37.07350735972264,-12.581114642444444,22.794309328154892,0.6864263244158153,0.12584544843262593,27,0,0,100,0.13105413105413105,27.0,2000,0.0,27,19,4.186632675501804,,4.196616310941859,68.522119198,77.43212556310625,2.3787569180746617,10.568213857459412,17.169885635934005,,-0.5554622070771019,3.3114545579695864,9.050872622038706e-05,0.00032208355310433574,20.01508335016395,37.51464993900053,395.57341419356663,967.095376780782,0.0049764324613153915,0.15349982666324494,0.18550259404832117,0.14900507704105903,0.23950262106184148,0.217002609806208
helena_seed_4_nrows_2000_nclasses_10_ncols_100_stratify_True,0.02585279811091918,0.04250898944516698,3.5602794071810724,0.1281855302636441,0.0135,0.35404679909128933,0.18503418872097233,0.0,0.09391850693727574,0.0227602275673193,5.977419906627973,0.2155966588873501,0.23620697386751802,51.03393432853538,268.9618820312719,414.8092027607411,1749.649292310056,8.5192359143226,0.009999999999999998,0.011369372289736416,,,128.29092783580697,,,74.07407407407408,14.257253754629629,24.469897868878576,8.836061283504156,0.17184727187124282,38.95502837052066,80.41800689699724,7.579374997032899,10.198378806560001,17.298340406965874,53.96412422222221,79.25265235233047,20.700028034095734,38.917193809800715,19.305851066666666,36.18405512780014,-15.12287565214815,29.189903633202764,0.7016380303048884,0.1292955867296781,27,0,0,100,0.12535612535612536,27.0,2000,0.0,27,18,4.074239498725569,,4.274605596449609,69.08699987437038,76.77942088958613,2.5378463710942443,10.797302569965089,17.598231357026158,,-0.9957669323675025,4.454467561677677,9.12670063135922e-05,0.00032533357885355436,19.774818296518454,37.108797146229456,414.8092027607409,1021.432070974653,0.004343552058498581,0.1609968289128709,0.17999783891837864,0.14100157128642885,0.22149660905283095,0.21398910154532344
KDDCup99_seed_0_nrows_2000_nclasses_10_ncols_100_stratify_True,0.09242261672482936,0.18165957881213846,0.3832983905432335,0.5509556884325929,0.036,0.9712597927035366,0.042183050558241904,0.0,0.3602353789785313,0.333964509010137,1.4819727203170574,,,328.8652543019444,5741.755533306967,1991017.942258564,15096411.85313004,6.158241510623583,0.125,0.20399177154273368,7.328513995616536,32.30905999689455,54252.69886530587,1.3364220133668283,7.62952540480283,27.77777777777778,28.87267361111111,138.02134945549258,1.624622426043285,0.24455444380923955,,,inf,10.584116666666667,89.45517031946349,9218.194444444445,61245.79802652032,35.47727354166667,135.23817620334182,28.555555555555557,110.18203745235338,0.05555555555555555,0.23066889195376988,0.24064868481700596,0.34727251576904855,72,39,0,8,0.05438184663536776,7.0,2000,9.0,72,55,0.5927715991246792,,6.614095552984013,9218.138888888889,61245.80615416369,inf,229.38231210219652,1402.0353524456802,,,,0.42242902615518213,0.2972201895456654,25.643663310185183,102.31009973095419,1991017.942258562,15096333.008467609,0.0,0.9939984962473719,0.9084894489692091,0.9900004952478715,0.9914989952471212,0.9930004967486227
KDDCup99_seed_1_nrows_2000_nclasses_10_ncols_100_stratify_True,0.12225266403939103,0.2196699980249531,0.36749213235731193,0.5488167130438515,0.0375,0.9951122298915808,0.012029425517953133,0.0,0.35311716642853413,0.34336486539931654,1.4819727203170574,,,825.4604951563607,17980.574316553095,33707035.24150919,278339696.85096556,6.38882405879693,0.125,0.20399177154273368,7.082333997750476,31.945801252284017,54257.32173126554,1.3346962018768158,7.818962970921114,26.666666666666668,27.778799999999997,135.48695620831768,1.617501551340927,0.2440455550987977,,,inf,10.160752,87.64800455881772,35827.0,258511.35904981775,47.25996786666667,223.2405950861464,27.413333333333334,108.07243483502705,0.05333333333333334,0.2262104576963036,0.2319633013334422,0.3454033913286783,75,43,0,8,0.04972972972972973,7.0,2000,9.0,75,58,0.58426841765392,,6.932606693028313,35826.94666666666,258511.3664611649,inf,815.0136008657755,5786.995095474594,,,,0.42821971992573943,0.290538070154715,24.49139033333333,99.69971689738026,33707035.241509244,278339653.21732837,0.0,0.9980002491246869,0.6989500745122933,0.9910014962488726,0.9960004982493738,0.9944997471234353
KDDCup99_seed_2_nrows_2000_nclasses_10_ncols_100_stratify_True,0.10092750598142229,0.2025313344487241,0.3933245610021334,0.5554187125576446,0.035,0.8800843083245117,0.2470285465363791,0.0,0.3662642929443136,0.31787456211707343,1.4819727203170574,,,292.12670499654155,4615.3292967611715,127728.1835271945,695192.6270494518,6.03192493620567,0.125,0.20399177154273368,7.566860891992982,32.85616302076901,54249.14709191044,1.3935182442207499,7.784218988507219,28.571428571428573,29.497214285714282,139.77859430997384,1.6296090912321834,0.24977517866105434,,,1501199875791153.5,10.88652,90.72395652837668,1643.8787142857145,8461.744606621423,32.315253285714284,115.26429555742794,29.37142857142857,111.65866353694702,0.05714285714285714,0.23379132809659067,0.24568819008700718,0.3467509971128028,70,37,0,8,0.05962732919254658,7.0,2000,10.0,70,52,0.6009095140586236,,5.787977345136495,1643.8215714285716,8461.75324806754,1501199875790164.2,77.97602991516804,351.29892634667266,,,,0.4311425773210125,0.30765827974560417,26.4636005952381,104.27762551407449,127728.18352719434,694115.511968161,2.4144517896463054e-24,0.9964994979987484,0.969503986745366,0.9915012463738101,0.9934994964979973,0.9949994972483728
KDDCup99_seed_3_nrows_2000_nclasses_10_ncols_100_stratify_True,0.18656484093649117,0.25670058047160976,0.36661568625079227,0.5442704477182781,0.0375,0.9650290911131795,0.047576943116158676,0.0,0.35573973777622536,0.33852723190469836,1.4819727203170574,,,270.3411936945172,4584.621913370827,114213.67981617016,763126.2696451553,6.341409730652303,0.125,0.20399177154273368,6.98386439216461,31.46331023215354,54249.58078449844,1.2070772462059638,6.853665962338402,26.666666666666668,27.50756666666667,135.3026855999903,1.6148907299844102,0.23829667983264144,,,779979174838.6198,10.160752,87.64800455881772,1632.7966666666666,8842.32459802168,29.10398839999999,106.68815942061221,27.413333333333334,108.07243483502705,0.05333333333333334,0.2262104576963036,0.2336976765834394,0.34695777772906133,75,41,0,8,0.05081081081081081,7.0,2000,10.0,75,57,0.5687605097772369,,6.532549419960775,1632.7433333333333,8842.332241049506,779979152643.6997,66.56316698389192,333.56645365498656,,,,0.4301740476218235,0.29977593484328185,24.61964177777778,100.44017194703305,114213.67981617026,762089.4851087742,8.963715983627044e-25,0.9960012486249368,0.9714969842406124,0.9914997456226842,0.9924992458725592,0.9939992466229347
KDDCup99_seed_4_nrows_2000_nclasses_10_ncols_100_stratify_True,0.08045412889684284,0.1827408049864577,0.3783810317672916,0.5487394365348467,0.0365,0.9705836109597207,0.04672370985483866,0.0,0.3494141139763847,0.3257856786001605,1.4819727203170574,,,323.95224717853466,5481.513942087591,210175.39379687706,1217232.9531769531,6.292179974985791,0.125,0.20399177154273368,7.209058085030932,32.11165211035864,54254.65883561348,1.203320443327604,6.730625182923157,27.397260273972602,28.660376712328766,137.55313327169105,1.6248276345529755,0.244830981302204,,,3759265236793.8306,10.439128767123288,88.84041882589484,2497.4931506849316,14174.299896607952,31.94612869863013,116.51759292049927,28.164383561643834,109.46524228907727,0.0547945205479452,0.22915369411186493,0.23552611753137337,0.3429398817892825,73,39,0,8,0.05289193302891933,7.0,2000,9.0,73,56,0.6065353419536973,,6.607326451420869,2497.4383561643835,14174.308186122353,3759265131360.015,92.1315855506882,452.2039090523135,,,,0.4201827799505957,0.29574642523284084,25.148873287671233,100.95756196473396,210175.39379687686,1216328.8228547687,3.58605434485942e-26,0.9950009979994988,0.9565119842481161,0.9930004967486227,0.9955007481244363,0.9965017491254372
mfeat-fourier,0.013343860083759472,0.00699871613694428,3.584956441221679,1.4726575779465782e-06,0.038,0.7214369770916434,0.2300735384217711,0.0,0.03862234908914018,0.03471876806723236,3.321928094887362,0.14589066038128862,0.10352045337399217,0.0007167773171461904,0.0009834523779476115,0.005520282684969966,0.012127960943888266,11.401216482645072,0.1,0.0,0.11176989956186348,0.05890530497567272,0.8428018993873003,0.08415997438098963,0.04566589766420451,26.31578947368421,0.09598725911184211,0.05310480752747529,6.6155184261905084,0.23040679484184495,0.11259554101330853,0.6362908601643319,30.989779133345593,0.06997288616407896,0.03795016888764272,0.3819513794736842,0.14996471638605519,0.13203208401769737,0.06846331864492629,0.1262276590789474,0.0698719976883466,0.003192156710526316,0.002479226632292895,0.2913661099185337,0.23040676021179649,76,0,0,10,0.00631578947368421,9.0,2000,0.0,76,69,11.303958213342096,,5.107712471891469,0.37875922276315793,0.14835346525342397,16.403729706718426,0.0671079516668835,0.03209926657758911,2.100858788656286,0.5438839049092433,0.2488123124334294,1.6084735963029035e-06,5.295566083550239e-07,0.12739265661875,0.06888200686591843,0.005520282684969967,0.0058788737976118435,5.0408408132533075e-05,0.7250053651852753,0.8405076740908825,0.8365059212135675,0.8000061530796163,0.8165046605826216
mfeat-karhunen,0.011243932933776145,0.0047874549135704485,3.5849565906921574,1.0831206646577665e-06,0.032,0.8098470620715799,0.11446796646031193,0.0,0.03604646814485218,0.02517886417733165,3.321928094887362,0.1072004660490464,0.08336768154338596,0.5524602893457023,0.9243396345741862,6.4915886772050735,13.013808957019453,12.06035335179629,0.1,0.0,,,22.833853683485795,,,31.25,2.9604338379296875,2.0538280754625093,6.631442665102352,0.18086598621939134,-0.0514900121007718,0.25343786689836234,29.175636606973576,2.182102207215,1.4923378033998846,6.893724891875,3.9036383210531334,0.05308473924664062,0.7394593795167501,0.04568855382812502,0.7425866299063965,-6.7565145228125,3.3739291081874154,0.27544202047716854,0.1808657665013349,64,0,0,10,0.000496031746031746,9.0,2000,28.0,64,61,12.015285701439717,,6.007493698278197,13.6502394146875,7.023282595502795,10.861191348028822,2.1526628287026788,1.3737240029177478,1.906035924584586,-0.00427923625665644,0.1644583897068151,1.517067369877409e-06,5.363521576058539e-08,0.0462514596875,0.7426381825565573,6.491588677205074,9.75555816406087,1.256374491242376e-05,0.8085019052035544,0.9769979874927402,0.9714969842406124,0.9580014797406102,0.9679949814882348
mfeat-zernike,0.021267030880995637,0.03335911704340088,3.584956726082243,1.795561255245292e-15,0.0235,0.716098543610477,0.2557855944306044,0.0,0.05397938200340831,0.024113769933420452,3.321928094887362,0.2577673468649649,0.21297227886581258,386.5446035561373,828.0089360777957,2910.4386186554443,7370.016572640174,8.33099617165822,0.1,0.0,76.10954922235662,100.61616211231592,695.837748412164,59.27453675011991,97.41204915429475,42.5531914893617,56.50728719276595,51.86985380620137,6.508141618303341,0.1715344257234797,0.7268303504961955,1.4168759180277448,20.23785657141569,40.98755702567891,37.670969851165694,221.22523790510638,207.45851057764443,88.63642941472713,105.16803471792882,83.48502914585106,103.68203413984314,13.034599618723405,49.82700295491813,0.3987432026662614,0.17153442572347974,47,0,0,10,0.1267345050878816,9.0,2000,0.0,47,40,7.990640347248167,,5.1385842799951575,208.190638286383,186.03906133132602,7.218190113482803,40.125452921755205,36.45073279651477,,0.7896442267750822,0.48693065342941755,1.591106059069886e-06,2.895691464151629e-07,84.67692958992872,104.00831986604496,2910.4386186554443,3886.029216633387,0.00011890914580214872,0.663996830413622,0.822503162832998,0.8185051618334976,0.8030099064581823,0.7980041510776145
one-hundred-plants-margin,0.07030286904472026,0.05464164995482539,2.922863484144723,0.7746280644343414,0.04,0.49869472894550215,0.2871356340769411,0.0,0.2826381598899346,0.09218829702284431,6.643856189774723,0.2597764265681439,0.18278228176317315,8.26916413540583e-05,0.00010783505680136263,0.0003685180480750847,0.0011793070695617666,5.4505237683717995,0.009999999999999998,1.7434626923745965e-18,0.0,0.0,0.16376349124548534,0.0,0.0,25.0,0.018745523437499998,0.012145594534589415,8.3477806375781,0.5262842964880261,10.493551206995203,24.670440203935403,127.76582681739144,0.011288724890624999,0.007926867424587862,0.1128846875,0.07139422316719207,0.015624954072265624,0.009271989948779554,0.01025390625,0.007681661726989599,0.0,0.0,1.218939036341346,0.3369759171147085,64,0,0,100,0.10664682539682539,64.0,1600,0.0,64,64,1.3978750347660684,,21.110724649870107,0.1128846875,0.07139422316719207,26.274002531690527,0.016837869171837265,0.009292657477763661,,2.2186061930559444,1.7807977981767762,0.026504409220693415,0.017064349499379676,0.011520964485677083,0.008009140727392096,0.0003685180480750848,0.0004574829726292103,6.3855758225037644e-18,0.4612386486872648,0.7731131114249777,0.7406326051160251,0.22812713001805904,0.7612283426205049
one-hundred-plants-shape,0.15882019834875755,0.1078908552024573,3.4593190620865943,8.004041987276706e-05,0.04,0.3225886949034032,0.24716734487976222,0.0,0.35648436862052507,0.02269045997827974,6.643856189774723,0.7019373186513342,0.22101463572295524,6.016691146292023e-08,2.6634442695591146e-08,8.746533409931504e-08,5.271262254226601e-07,3.5500872308619527,0.009999999999999998,1.7434626923745965e-18,0.0005413601539352419,7.293466367677196e-05,0.0011422631455798614,0.0004789623695624842,7.690482492583272e-05,25.0,0.00031762890625000004,4.270633833174366e-05,8.231712451731301,0.06926775776958298,3.7792511628874492,2.450510880784778,46.78069243566201,0.00022770651093749998,3.2050023880297763e-05,0.002256328125,0.00027640699544862553,0.00060469328125,6.1559302466312e-05,0.0005607578125000001,9.57321408678344e-05,7.465624999999999e-05,3.704875327251403e-05,1.8714628001300155,0.06926962910547145,64,0,0,100,0.7911706349206349,64.0,1600,0.0,64,64,0.8484572933249147,,10.508838700706194,0.002181671875,0.00027447977082702097,20.935951686724238,0.00029219977471656026,4.601863810026695e-05,,1.388329502361847,0.7061943897478977,0.0006989677122447812,4.545134323952278e-05,0.0005656886067708334,8.83830412112767e-05,8.7465334099315e-08,2.8279471456272008e-08,3.85674617237401e-08,0.4112553960457495,0.44937144704204174,0.5543773847418682,0.009375007319649688,0.07438169455160411
one-hundred-plants-texture,0.03509327777225065,0.035079901242086715,2.6839240641337323,0.7566730122868178,0.04002501563477173,0.5651153509831963,0.2609806735035656,0.0,0.31854375074661323,0.10211917071925718,6.6438276700506105,0.16016806713096962,0.13532039664849918,0.00011793725496741812,0.00015853286262118503,0.0009439440230669112,0.001950628927582911,6.061302097668514,0.01,6.253908692933072e-05,0.0,0.0,0.1532000014590093,0.0,0.0,24.984375,0.0180891796875,0.010815319716695516,8.231646052105543,0.5426572236042281,15.615852082410031,17.927989128044764,91.3668646143022,0.007714315284375,0.006324445874734827,0.2362369375,0.14777899488354115,0.015625021996169483,0.006912473271524939,0.005493140625,0.004683390546565249,0.0,0.0,1.0961056820788004,0.23964151424643337,64,0,0,100,0.03125,64.0,1599,0.0,64,64,1.4485997180888452,,24.72973048704872,0.2362369375,0.14777899488354115,11.15617396823693,0.02696152492138746,0.014848062567612907,,3.1371212844330323,1.4526321969911067,0.009253128476003899,0.0030437236586642645,0.007502705954084287,0.005049505556265158,0.0009439440230669112,0.0011432723816522437,1.1413411675298832e-18,0.4752970606629144,0.7104440275171983,0.6679174484052534,0.3145716072545341,0.7573483427141964
optdigits,0.016419184437784548,0.048720259461461704,2.1819868595250167,1.390175512105232,0.011387900355871887,0.7963519728380145,0.12539697646661457,0.0,0.1195809220109714,0.09112308094166509,3.3218327248667654,,,2.2359895100111027,3.5836040966434064,18.81369800483901,36.94660054320213,10.606471618611037,0.09999999999999999,0.0012126363167414508,0.0,0.0,37.19638178638707,0.0,0.0,87.8125,6.0,5.151667937637532,5.190630350090906,1.2226478611230003,,,24.927206133115487,3.6370031249999997,3.716414863901096,13.390625,5.016218734946214,4.911243327402135,4.2227784915451965,4.765625,5.070118459215346,0.0,0.0,0.3131892343008762,0.20501090406267908,64,3,0,10,0.02827380952380952,9.0,5620,2.0,64,29,5.9669919031406256,,5.8333833954427305,13.390625,5.016218734946214,6.699432313798097,3.6862924649286324,2.303884006747176,,,,0.12412652037062682,0.18835427932942186,4.778145388493476,4.756955274242546,18.81369800483901,14.952573922455107,2.357248282002299e-05,0.8809582824549199,0.9827398009079956,0.9816724700821632,0.9578286090245344,0.9759780763657684
synthetic_control,0.0814482599862242,0.06356258615411395,2.9999989313053406,5.803663949711227e-06,0.1,0.6769927105642937,0.3651058487138759,0.0,0.1581006525582084,0.06774298132442809,2.584962500721156,0.45564968657727045,0.27301578628391143,55.6640937735827,56.50556476142477,109.32034165902898,618.8679826277242,3.0699667795830714,0.16666666666666666,0.0,,,100.04228284226464,,,10.0,15.669395833333333,7.760117655741885,4.742944991356015,0.34570836323005494,-0.5708726801319146,0.5960082098392693,32.2992555688334,11.591077995,5.7271524831322855,52.82164,6.449145338756662,30.09216547040833,0.748788644029861,30.034975,0.7952112636093547,7.978913906666667,7.529777998651092,0.8420164406704808,0.3457082096912096,60,0,0,6,0.43333333333333335,5.0,600,7.0,60,26,2.5628745311867087,,2.8248047738462665,44.84272609333333,13.220858100201237,17.334845544933632,9.751691244309711,3.803414104305423,1.4742078709806588,0.03383486492439054,0.28970936194755886,3.5879448952356275e-06,4.029997436180879e-06,30.076544106481478,0.5950707709066212,109.32034165902897,74.9906795843628,0.0007848788816695923,0.9,0.995,0.9833333333333334,0.9466666666666667,0.9316666666666666
texture,0.10448106150356683,0.12519783878766938,4.087278297895429,0.00013333998050829102,0.007272727272727273,0.8578184330827495,0.12239539232798856,0.0,0.11612079525504697,0.0399524925611,3.4594316186372978,0.7428268121641491,0.1553952120330907,0.04027753725018433,0.016376390221846185,0.05738964564900971,0.27638172695501645,3.002905144603989,0.09090909090909091,0.0,,,3.105161062118356,,,137.5,0.31258749999999996,0.0977724423381621,6.394681646557681,0.3389118239380821,1.1944297488292175,3.5579356570201965,103.54804718292475,0.22192668749999997,0.07348946519069208,0.40990000000000004,0.21385338855129649,-0.6055166227272728,0.207203986001009,-0.596075,0.23637092075694757,-1.1671,0.13892237271593671,1.1520282699750457,0.33902161186880125,40,0,0,11,0.8923076923076924,10.0,5500,0.0,40,36,2.547897568506686,,7.493350329933538,1.577,0.32027119918225716,47.39659106961273,0.2332013017456772,0.055532836330444736,,0.285158030816213,0.944008196153359,0.0008607299458208772,0.00018265649692015512,-0.6033732348484848,0.228495935666433,0.057389645649009745,0.027963647568791935,1.3233175908350926e-08,0.9196370193609109,0.9874546437807766,0.983818213800348,0.9761822462813207,0.9945452558738249
