Dataset,median.histogram.9,class_conc.histogram.0,t_mean.histogram.9,sparsity.histogram.9,tree_depth.histogram.5,range.histogram.0,best_node.histogram.6,max.histogram.9,leaves_homo.histogram.0,range.min,elite_nn.mean,random_node.histogram.8.relative,one_nn.min,joint_ent.histogram.0,t4,f3.mean,leaves_branch.max,cov.histogram.0,leaves_branch.mean,impconceptvar.histogram.3,nodes_repeated.histogram.0,min.max,nodes_per_level.histogram.9,impconceptvar.mean,nodes_per_level.median,random_node.sd,elite_nn.histogram.9.relative,conceptvar.histogram.0,hubs.histogram.6,mean.histogram.0,naive_bayes.min,wg_dist.mean,elite_nn.max.relative,random_node.mean.relative,naive_bayes.mean.relative,impconceptvar.histogram.0,n3.histogram.9,elite_nn.mean.relative,n1,one_nn.mean.relative,nodes_per_level.histogram.4,can_cor.max,random_node.histogram.0.relative,worst_node.max,class_conc.max,max.histogram.0,n3.histogram.0,tree_imbalance.histogram.9,sd.histogram.9,tree_depth.histogram.1,sparsity.histogram.3,one_nn.sd.relative,range.median,best_node.sd.relative,one_itemset.histogram.9,tree_imbalance.mean,random_node.min,linear_discr.min.relative,hubs.mean,l1.mean,impconceptvar.histogram.6,l2.mean,mut_inf.sd,mut_inf.histogram.9,skewness.min,attr_conc.histogram.0,Best
Apple_Stock_Price_Trends_(2014-2023)_did46420,0.0555555555555555,0.0555555555555555,0.0555555555555555,0.0555555555555555,0.2541233964569334,0.9444444444444444,0.0,0.0555555555555555,0.9401709401709402,5.742934316850079,0.343399418200215,6.5,0.2788844621513944,0.1111111111111111,0.0555555555555555,0.9944518128633596,24.0,0.9215686274509804,13.673992673992672,0.0906200317965023,0.1111111111111111,24048300.0,0.0833333333333333,548.1975357710652,29.0,0.030179756791853,4.0,0.1864069952305246,0.0329888712241653,0.9444444444444444,0.3214285714285714,0.9543017290811272,2.0,6.0,7.0,0.0067567567567567,0.6740858505564388,2.0,0.8414149443561209,1.0,0.0833333333333333,0.2193150526803696,4.5,0.3824701195219123,0.0030939163721622,0.9444444444444444,0.3259141494435612,0.0476190476190476,0.0555555555555555,0.0146609651802076,0.0,5.0,169.29165383846242,7.0,0.0042735042735042,0.0429544676227207,0.3015873015873015,4.0,0.8007252949692464,0.2272555008227339,0.1450715421303656,0.4230096835196829,0.0049689817370007,0.1111111111111111,-0.3231893210438845,0.7272727272727273,LogisticRegression
CPMP-2015-runtime-classification_did41919,0.0454545454545454,0.3181818181818182,0.0454545454545454,0.0454545454545454,0.2172701949860724,0.6818181818181818,0.0,0.0454545454545454,0.9333333333333332,0.2,0.2958272859216255,2.5,0.1698113207547169,0.0454545454545454,0.0909090909090909,0.929248616553502,20.0,0.961038961038961,10.594444444444443,0.1442125237191651,0.3333333333333333,8.0,0.05,84.94900379506642,6.5,0.1151882497193792,4.0,0.2808349146110057,0.0303605313092979,0.6818181818181818,0.2641509433962264,1.4255137267389488,2.0,3.0,6.0,0.0455407969639468,0.5654648956356736,1.0,0.7191650853889943,2.0,0.0,0.6153255221932309,7.0,0.6981132075471698,0.2954983595304573,0.6363636363636364,0.4345351043643263,0.0588235294117647,0.0454545454545454,0.0334261838440111,0.0,1.0,1.25,5.0,0.0076923076923076,0.0501251239288828,0.2692307692307692,7.0,0.8051445142448433,0.1437956668810816,0.0417457305502846,0.2076428174171655,0.0947697087008377,0.0909090909090909,-1.6716457176253154,0.4621212121212121,LogisticRegression
CastMetal1_did1447,0.027027027027027,0.054054054054054,0.027027027027027,0.027027027027027,0.0987654320987654,0.972972972972973,0.0,0.027027027027027,0.3658536585365853,0.42,0.7801136363636363,5.5,0.696969696969697,0.027027027027027,0.027027027027027,0.7584097859327217,10.0,0.996996996996997,7.146341463414634,0.0030581039755351,0.5416666666666666,124.02,0.1,25.368501529051983,4.0,0.0123000796747045,2.5,0.8685015290519877,0.1162079510703364,0.972972972972973,0.696969696969697,1.044296170106788,1.0,6.5,3.0,0.308868501529052,0.1987767584097859,1.0,0.2874617737003058,2.0,0.0,0.4967358469847148,4.5,0.8787878787878788,0.0208191764665162,0.972972972972973,0.8012232415902141,0.1111111111111111,0.027027027027027,0.0246913580246913,0.1621621621621621,6.0,122.0,3.0,0.0047169811320754,0.0945396847986481,0.8484848484848485,4.0,0.5571805983772163,0.0975630821169659,0.0244648318042813,0.1162079510703364,0.0172373008061499,0.027027027027027,-0.4480507475802573,0.4393939393939394,SVM
CostaMadre1_did1446,0.027027027027027,0.054054054054054,0.027027027027027,0.027027027027027,0.2222222222222222,0.972972972972973,0.0,0.027027027027027,0.5,0.42,0.7405747126436781,3.0,0.7241379310344828,0.027027027027027,0.027027027027027,0.7331081081081081,9.0,0.996996996996997,5.71875,0.0,0.5,124.02,0.1111111111111111,23.11824324324324,3.0,0.0263461158382387,5.0,0.8682432432432432,0.1148648648648648,0.972972972972973,0.6896551724137931,1.0409988937050856,3.0,5.0,2.0,0.2871621621621621,0.1993243243243243,1.0,0.2939189189189189,3.0,0.0,0.514030509238674,2.5,0.896551724137931,0.0230256719247266,0.972972972972973,0.8006756756756757,0.2857142857142857,0.027027027027027,0.0317460317460317,0.1621621621621621,4.0,122.0,2.0,0.0047846889952153,0.1201124395195203,0.8,4.0,0.5604765751113423,0.0956426783203986,0.0236486486486486,0.1216216216216216,0.0165817308151488,0.027027027027027,-0.4765998802374219,0.3787878787878788,SVM
Creditability-German-Credit-Data_did46416,0.05,0.5,0.05,0.15,0.1074168797953964,0.95,0.0,0.05,0.9438775510204082,1.0,0.606,2.0,0.52,0.1,0.05,0.986,21.0,0.9947368421052633,10.244897959183673,0.002,0.3,250.0,0.0952380952380952,83.559125,7.0,0.0,5.0,0.397,0.175,0.95,0.49,1.7949987972027035,3.5,4.0,6.0,0.124,0.307,1.0,0.435,2.0,0.0476190476190476,0.4872183606825404,2.0,0.7,0.0591680504890334,0.95,0.693,0.0555555555555555,0.05,0.0613810741687979,0.15,4.0,3.0,2.0,0.0246913580246913,0.0466077727071129,0.7,3.5,0.6863983338131597,0.1401887843506006,0.055,0.2299999999999999,0.0211564356003196,0.05,-1.8210416128956504,0.5227272727272727,LogisticRegression
German-Credit-Data-Creditability-2_did46482,0.05,0.5,0.05,0.15,0.1085271317829457,0.95,0.0,0.05,0.9432989690721648,1.0,0.606,2.0,0.52,0.1,0.05,0.986,21.0,0.9947368421052633,10.231958762886595,0.002,0.3684210526315789,250.0,0.0952380952380952,83.559125,7.0,0.0,5.0,0.397,0.175,0.95,0.49,1.7949987972027035,3.5,4.0,6.0,0.124,0.307,1.0,0.435,2.0,0.0476190476190476,0.4872183606825404,2.0,0.7,0.0591680504890334,0.95,0.693,0.0555555555555555,0.05,0.0620155038759689,0.15,4.0,3.0,2.0,0.0246913580246913,0.046536565127544,0.7,3.5,0.6863983338131597,0.1402480514994337,0.055,0.2309999999999999,0.0211564356003196,0.05,-1.8210416128956504,0.7727272727272727,LogisticRegression
Higgs_seed_0_nrows_2000_nclasses_10_ncols_100_stratify_True_did44417,0.375,0.75,0.5,0.0833333333333333,0.2088091353996737,0.0416666666666666,0.4,0.0416666666666666,0.9153094462540716,1.6236723065376282,0.5569999999999999,1.5,0.475,0.0416666666666666,0.6666666666666666,0.991,19.0,0.717391304347826,10.657980456026058,0.0,0.0416666666666666,0.6048733592033385,0.0526315789473684,282.732125,14.0,0.0235937844922485,3.0,0.0005,0.2125,0.4583333333333333,0.535,1.234235965883394,3.0,1.0,5.0,0.0005,0.4535,4.0,0.622,3.0,0.0526315789473684,0.3434541916237535,7.0,0.53,0.0105643474267068,0.3333333333333333,0.5465,0.0625,0.4583333333333333,0.0195758564437194,0.0416666666666666,7.0,4.540441170334816,2.0,0.0069444444444444,0.0552642309542778,0.465,7.0,0.7813925236466406,0.1782279937718583,0.313,0.3419999999999999,0.0196335500459556,0.0416666666666666,-0.0796137926740538,0.9242424242424242,LogisticRegression
MagicTelescope_seed_0_nrows_2000_nclasses_10_ncols_100_stratify_True_did44397,0.1,0.4,0.1,0.1,0.1859582542694497,0.3,0.0,0.2,0.8446969696969697,0.6216,0.627,5.5,0.65,0.1,0.5,0.915,19.0,0.7555555555555555,11.196969696969695,0.006,0.2,5.5449,0.1578947368421052,456.224375,12.0,0.0172884033065199,2.0,0.0015,0.028,0.6,0.605,0.6444395226502502,3.0,1.0,4.0,0.019,0.2445,3.0,0.3745,5.0,0.1052631578947368,0.553750123377256,6.5,0.59,0.0235843543391493,0.3,0.7555,0.125,0.1,0.0227703984819734,0.0,2.0,257.3412,7.0,0.025,0.0551585860446485,0.52,7.0,0.7776010942756033,0.1527689509360312,0.0675,0.248,0.0606110200183632,0.1,-0.9749936847646654,0.5333333333333333,SVM
MeanWhile1_did1449,0.027027027027027,0.1351351351351351,0.027027027027027,0.027027027027027,0.1702127659574468,0.972972972972973,0.3,0.027027027027027,0.3333333333333333,0.38,0.8258461538461539,3.0,0.68,0.054054054054054,0.027027027027027,0.7628458498023716,8.0,0.996996996996997,5.416666666666667,0.0118577075098814,0.7142857142857143,91.35,0.5,12.673418972332016,3.0,0.0184764896723225,3.5,0.8932806324110671,0.0790513833992094,0.972972972972973,0.68,1.270037702272716,1.0,6.5,2.0,0.8932806324110671,0.1857707509881423,3.0,0.2411067193675889,1.0,0.0,0.521175372103299,6.5,0.92,0.031361942802204,0.972972972972973,0.8142292490118577,0.1666666666666666,0.027027027027027,0.0425531914893617,0.054054054054054,7.0,42.0,3.0,0.0101010101010101,0.1328613305114197,0.88,3.5,0.565411958971273,0.072196836413957,0.0079051383399209,0.0869565217391304,0.0274283876012229,0.081081081081081,-0.9586634407385116,0.5151515151515151,SVM
MegaWatt1_did1442,0.027027027027027,0.1351351351351351,0.027027027027027,0.027027027027027,0.1702127659574468,0.972972972972973,0.3,0.027027027027027,0.3333333333333333,0.38,0.8258461538461539,3.0,0.68,0.054054054054054,0.027027027027027,0.7628458498023716,8.0,0.996996996996997,5.416666666666667,0.0118577075098814,0.7142857142857143,91.35,0.5,12.673418972332016,3.0,0.0184764896723225,3.5,0.8932806324110671,0.0790513833992094,0.972972972972973,0.68,1.270037702272716,1.0,6.5,2.0,0.8932806324110671,0.1857707509881423,3.0,0.2411067193675889,1.0,0.0,0.521175372103299,6.5,0.92,0.031361942802204,0.972972972972973,0.8142292490118577,0.1666666666666666,0.027027027027027,0.0425531914893617,0.054054054054054,7.0,42.0,3.0,0.0101010101010101,0.1328613305114197,0.88,3.5,0.5654119589712728,0.0722782458781085,0.0079051383399209,0.0869565217391304,0.0274283876012229,0.081081081081081,-0.9586634407385116,0.5833333333333334,SVM
PieChart1_did1451,0.027027027027027,0.1351351351351351,0.027027027027027,0.027027027027027,0.2105263157894736,0.972972972972973,0.3,0.027027027027027,0.7916666666666666,0.5,0.8412877263581489,2.5,0.7605633802816901,0.081081081081081,0.027027027027027,0.6283687943262412,14.0,0.996996996996997,7.958333333333333,0.0,0.52,56.15,0.1428571428571428,39.14552304964539,3.0,0.0087164005882144,4.0,0.9134751773049644,0.102127659574468,0.972972972972973,0.7746478873239436,0.971117224478225,1.0,5.0,3.0,0.9148936170212766,0.0907801418439716,1.0,0.1617021276595744,2.0,0.2142857142857142,0.4831839452193803,4.0,0.9154929577464788,0.0265284861529573,0.972972972972973,0.9092198581560283,0.0769230769230769,0.027027027027027,0.0421052631578947,0.0,5.0,186.0,3.0,0.0077519379844961,0.0667172636143734,0.8873239436619719,4.0,0.6018961560695598,0.0611409633726309,0.0212765957446808,0.075177304964539,0.0230234393310365,0.027027027027027,-0.0570957161644731,0.5303030303030303,SVM
PizzaCutter1_did1443,0.027027027027027,0.1891891891891892,0.027027027027027,0.027027027027027,0.1720430107526881,0.972972972972973,0.0,0.027027027027027,0.723404255319149,0.49,0.7616689280868385,3.0,0.7878787878787878,0.081081081081081,0.027027027027027,0.6111951588502269,14.0,0.996996996996997,8.085106382978724,0.0,0.4090909090909091,56.15,0.0714285714285714,32.7428139183056,3.5,0.0071099999648405,6.0,0.9213313161875946,0.1164901664145234,0.972972972972973,0.7878787878787878,0.9964632824326544,2.5,5.0,3.0,0.9228441754916792,0.0892586989409984,1.0,0.1361573373676248,2.0,0.1428571428571428,0.4968891726810759,6.5,0.9545454545454546,0.0267015536808093,0.972972972972973,0.9107413010590016,0.1538461538461538,0.027027027027027,0.043010752688172,0.027027027027027,5.0,135.0,3.0,0.0077519379844961,0.0674693435306469,0.9090909090909092,4.0,0.578755555469664,0.0562932410800327,0.0181543116490166,0.0665658093797276,0.0217562009549826,0.054054054054054,-0.0590574945758075,0.5303030303030303,LogisticRegression
Pumpkin_Seeds_did46951,0.1666666666666666,0.3333333333333333,0.1666666666666666,0.0833333333333333,0.1714285714285714,0.8333333333333334,0.3,0.1666666666666666,0.9315589353612168,0.0757999999999999,0.798,4.0,0.648,0.25,0.0833333333333333,0.9516,21.0,0.9848484848484848,11.35361216730038,0.0276,0.1666666666666666,48366.0,0.0476190476190476,563.6947,13.0,0.0160055545913841,6.5,0.0036,0.07,0.8333333333333334,0.712,0.6055054909208051,5.0,2.0,4.0,0.0032,0.1688,5.0,0.2492,3.0,0.1428571428571428,0.7691532244226179,2.5,0.612,0.0498324357809246,0.8333333333333334,0.8312,0.0555555555555555,0.1666666666666666,0.0457142857142857,0.0,7.0,77.82095,4.0,0.0064102564102564,0.0471693834760716,0.604,7.0,0.7411605073454153,0.0884638978260089,0.1312,0.1176,0.2086581973059485,0.25,-5.684181701891966,0.803030303030303,LogisticRegression
SPECTF_did337,0.0681818181818181,0.0909090909090909,0.0681818181818181,0.0227272727272727,0.135593220338983,0.0454545454545454,0.3,0.0227272727272727,0.2,41.0,0.7079831932773109,3.5,0.6571428571428571,0.0227272727272727,0.5454545454545454,0.7220630372492837,8.0,0.4619450317124736,6.0,0.1862464183381088,0.8846153846153846,40.0,0.125,49.53187679083094,4.0,0.0144384106052505,3.5,0.2063037249283667,0.0773638968481375,0.0454545454545454,0.6,1.2119174934109165,3.5,3.5,5.0,0.0859598853868194,0.1346704871060172,1.0,0.3954154727793696,7.0,0.125,0.5763608304509898,6.5,0.7428571428571429,0.0383478560892367,0.0227272727272727,0.8653295128939829,0.2857142857142857,0.0909090909090909,0.0338983050847457,0.1363636363636363,7.0,64.0,3.0,0.0032467532467532,0.1250726589062148,0.7142857142857143,2.5,0.6773257541331388,0.083403704662074,0.0,0.1117478510028653,0.0454019075256724,0.0227272727272727,-3.2377343178026594,0.2727272727272727,DecisionTree
Titanic_did40704,0.3333333333333333,0.6666666666666666,0.3333333333333333,0.6666666666666666,0.0,0.3333333333333333,0.1,0.3333333333333333,0.3076923076923077,2.441,0.7673611682435212,3.5,0.5318181818181819,0.3333333333333333,1.0,1.0,5.0,0.3333333333333333,3.8461538461538463,0.0149931849159472,0.3333333333333333,-0.228,0.4,371.9223080417992,2.0,0.0097644088355127,4.0,0.6201726487960019,0.0,0.3333333333333333,0.75,0.3308163671626727,5.0,2.5,5.0,0.0236256247160381,0.2108132666969559,4.0,0.4193548387096774,1.0,0.0,0.470040172366416,3.5,0.6909090909090909,0.2075756630188164,0.3333333333333333,0.7891867333030441,0.3333333333333333,0.3333333333333333,0.0,0.0,7.0,2.835,3.5,0.125,0.2454864383537333,0.6606334841628959,6.5,0.8777254376852431,0.1829992576095142,0.0090867787369377,0.2239890958655156,0.0685478654187968,0.3333333333333333,-1.3970809829165247,0.5,DecisionTree
air-quality-and-pollution-assessment_did46762,0.1111111111111111,0.1111111111111111,0.1111111111111111,0.1111111111111111,0.2035225048923679,0.5555555555555556,0.1,0.1111111111111111,0.9375,3.0700000000000003,0.7586,3.0,0.764,0.1111111111111111,0.2222222222222222,0.5667873015873016,26.0,0.75,13.0,0.3514,0.1111111111111111,188.0,0.0384615384615384,1659.33485,8.5,0.014599847792205,4.0,0.0986,0.0108,0.7777777777777778,0.916,0.5515842661155229,4.0,2.0,6.0,0.0006,0.086,4.0,0.1466,5.0,0.0769230769230769,0.9660364740521296,4.0,0.522,0.1115332583186985,0.5555555555555556,0.914,0.0416666666666666,0.1111111111111111,0.0821917808219178,0.1111111111111111,6.0,57.50000000000001,2.0,0.0065359477124183,0.0364290386888159,0.468,7.0,0.792130123247971,0.0191688085402103,0.237,0.0243579365079364,0.3359192559417627,0.1111111111111111,0.2041085592287463,0.5972222222222222,DecisionTree
algerian_forest_fires_did46279,0.0769230769230769,0.3076923076923077,0.0769230769230769,0.0769230769230769,0.0,0.3846153846153846,0.0,0.0769230769230769,0.1428571428571428,0.0,0.9756666666666668,2.5,0.64,0.0769230769230769,0.2307692307692307,0.0452674897119341,5.0,0.7564102564102564,3.4285714285714284,0.1234567901234567,0.5,2012.0,0.2,40.29320987654321,1.0,0.0282929996140475,4.5,0.0164609053497942,0.0493827160493827,0.9230769230769232,0.8333333333333334,0.951560748200894,5.5,7.0,4.0,0.0164609053497942,0.0823045267489712,6.0,0.1522633744855967,2.0,0.0,0.8439905600197832,3.0,0.6666666666666666,0.500000005551115,0.8461538461538461,0.9176954732510288,0.25,0.0769230769230769,0.0,0.0,6.0,30.0,3.0,0.0144927536231884,0.190604582611146,0.92,3.0,0.7165802493068061,0.0040215918631208,0.1646090534979424,0.0123456790123457,0.307865667324978,0.2307692307692307,-0.3231893210438845,0.4318181818181818,DecisionTree
analcatdata_supreme_did728,0.1428571428571428,0.5714285714285714,0.1428571428571428,0.7142857142857143,0.1649484536082474,0.7142857142857143,0.0,0.1428571428571428,0.5714285714285714,1.0,0.76544851912668,2.0,0.7061728395061728,0.4285714285714285,0.1428571428571428,0.5419545903257651,11.0,0.8571428571428571,7.061224489795919,0.0,0.3333333333333333,1953.0,0.0909090909090909,418.6651653504442,4.0,0.0006404842124186,3.0,0.1270977295162882,0.0444225074037512,0.8571428571428571,0.6493827160493827,0.9087379027884972,5.5,1.5,5.0,0.1651036525172754,0.0120927936821322,3.0,0.0577492596248766,7.0,0.0,0.7071758352260283,3.5,0.7610837438423645,0.0640657933467039,0.8571428571428571,0.9879072063178678,0.2,0.1428571428571428,0.0412371134020618,0.0,3.0,1.0,5.0,0.1111111111111111,0.0885599239539203,0.7586206896551724,1.0,0.6016537495296834,0.0249625523389803,0.0027147087857847,0.0088845014807502,0.2621979975429744,0.1428571428571428,-0.1705092105995653,0.7142857142857143,KNN
autoUniv-au1-1000_did1547,0.55,0.65,0.05,0.0,0.3005366726296959,0.0,0.0,0.0,0.7107142857142857,1.0,0.68,3.0,0.62,0.05,0.9,1.0,14.0,0.7526315789473684,9.342857142857143,0.0,0.05,0.0,0.1428571428571428,36.486125,15.5,0.0031622776601683,7.0,0.344,0.004,0.15,0.63,2.700361441052334,2.0,6.0,3.0,0.605,0.3,2.0,0.462,1.0,0.0,0.3098739428558508,6.0,0.75,0.0196642776143252,0.0,0.7,0.3,0.75,0.0071556350626118,0.0,6.0,1.0,2.0,0.075,0.0882359840527377,0.74,4.0,0.4996389616147535,0.2057188244638729,0.019,0.259,0.0055152031693809,0.2,-0.8924342108869217,0.9848484848484848,SVM
balance-scale_did11,0.0,0.3333333333333333,0.0,0.0,0.0934579439252336,0.0,0.4,0.0,0.1490683229813664,4.0,0.4512288786482335,2.0,0.6031746031746031,0.1339285714285714,1.0,1.0,10.0,0.0,8.111801242236025,0.0768,0.25,1.0,0.3,129.2264,15.5,0.0424953696385442,3.0,0.016,0.1008,0.0,0.6451612903225806,0.7709907678719828,1.0,3.0,6.0,0.1248,0.216,2.0,0.3168,5.0,0.1,0.8226008887803493,6.0,0.8387096774193549,0.0437559133543309,0.0,0.784,0.2857142857142857,0.0,0.0062305295950155,0.0,4.0,4.0,7.0,0.0,0.1250145716296406,0.5806451612903226,7.0,0.7606490556845198,0.0656000538835185,0.0384,0.0647444087262336,5.127900497022837e-16,0.5,0.0,0.0,MLP
balloon_did914,0.0,0.0,0.0,0.0,0.1632653061224489,0.0,0.0,0.0,0.32,1.7799999999999998,0.7786616915422886,3.5,0.6766169154228856,0.0,1.0,0.632183908045977,8.0,0.7729419703103914,5.48,0.0,0.0,0.58,0.625,365.896051974013,4.0,0.2119665675215963,2.0,0.0004997501249375,0.0754622688655672,0.0,0.4328358208955223,0.0833865319989747,1.5,2.0,7.0,0.7591204397801099,0.3378310844577711,4.5,0.2283858070964518,4.5,0.0,0.5469469579640193,4.0,0.845,0.0368305893611707,0.0,0.6621689155422289,0.1666666666666666,0.0,0.0408163265306122,0.0,1.5,1.7799999999999998,6.0,0.0833333333333333,0.1331128000613688,0.24,5.0,0.7678096111193252,0.1089912654042737,0.0,0.1619190404797601,0.07033101702138705,0.0,-2.9119694837550814,0.5,SVM
banana_did1460,0.5,0.5,0.5,0.5,0.0413564929693962,0.5,0.0,0.5,0.9818181818181818,5.58,0.5286792452830189,7.0,0.8471698113207548,0.5,1.0,0.9958490566037737,35.0,0.0,13.16198347107438,0.0,0.5,-2.39,0.0285714285714285,1310.8312264150943,5.0,0.0182509178111493,3.0,0.1367924528301886,0.0052830188679245,0.5,0.5830188679245283,0.2794876481782414,1.0,5.0,6.0,0.5516981132075471,0.1275471698113207,1.0,0.1918867924528302,7.0,0.0571428571428571,0.0835388815761972,2.5,0.6132075471698113,0.011870486121459,0.5,0.8724528301886793,0.0303030303030303,0.5,0.0711331679073614,0.0,1.0,5.74,4.5,0.0294117647058823,0.027728945026762,0.5660377358490566,2.0,0.8489974106638649,0.309536216779537,0.0,0.4483018867924528,0.0806148053101263,0.5,0.0257815605208222,0.5,SVM
bank-marketing_seed_0_nrows_2000_nclasses_10_ncols_100_stratify_True_did44402,0.1428571428571428,0.4285714285714285,0.1428571428571428,0.1428571428571428,0.1778907242693773,0.8571428571428571,0.1,0.1428571428571428,0.934010152284264,30.0,0.662,5.0,0.65,0.2857142857142857,0.1428571428571428,0.971,21.0,0.9523809523809524,11.65482233502538,0.0,0.2857142857142857,18.0,0.0952380952380952,496.936,15.0,0.038528488738133,7.0,0.0015,0.095,0.7142857142857143,0.66,0.4499026870421231,3.0,1.0,6.0,0.0015,0.282,3.0,0.4215,4.0,0.0952380952380952,0.5021285367717784,6.5,0.65,0.0278904845177921,0.8571428571428571,0.718,0.0555555555555555,0.1428571428571428,0.0304955527318932,0.0,1.0,74.0,7.0,0.03125,0.0488361117190981,0.535,7.0,0.7745508960328,0.151535738900865,0.0005,0.251,0.0800395814529729,0.1428571428571428,0.0963552617678434,0.9523809523809524,LogisticRegression
banknote-authentication_did1462,0.25,0.25,0.25,0.25,0.1509433962264151,0.25,0.2,0.25,0.2222222222222222,10.9977,0.7936686766105998,3.0,0.9927007299270072,0.25,0.75,0.6610787172011662,7.0,0.3333333333333333,5.407407407407407,0.0852769679300291,0.25,-5.2861,0.2857142857142857,327.963556851312,4.0,0.0013604071883372,1.5,0.0444606413994169,0.0415451895043731,0.25,0.781021897810219,0.4532807908139617,3.0,1.5,4.0,0.0080174927113702,0.0014577259475218,3.0,0.0043731778425655,7.0,0.1428571428571428,0.9299744356425366,6.5,0.5579710144927537,0.0563979865358508,0.25,0.998542274052478,0.2,0.25,0.0377358490566037,0.25,3.0,18.5402,5.0,0.0227272727272727,0.1611537180807404,0.5547445255474452,6.0,0.6665826459860407,0.0047418868313345,0.010204081632653,0.0123906705539358,0.2235437130758051,0.25,-1.0200089044552925,0.1666666666666666,KNN
blood-transfusion-service-center_did1464,0.25,0.25,0.25,0.25,0.1577608142493638,0.75,0.0,0.25,0.9238578680203046,49.0,0.4730630630630631,4.0,0.3333333333333333,0.25,0.25,0.9906417112299464,19.0,0.6666666666666666,10.126903553299492,0.0,0.25,250.0,0.1052631578947368,133.14171122994654,8.0,0.0043303261652756,5.0,0.7566844919786097,0.0548128342245989,0.75,0.68,0.3329655987718021,1.0,5.0,3.0,0.0053475935828877,0.2994652406417112,1.0,0.4772727272727273,2.0,0.0526315789473684,0.3592441979316585,6.0,0.7702702702702703,0.0223385369836025,0.75,0.7005347593582888,0.125,0.25,0.0305343511450381,0.0,7.0,85.0,2.0,0.03125,0.055026971634949,0.76,4.0,0.6040925622454068,0.1922079757064093,0.0013368983957219,0.2379679144385026,0.0279153488864251,0.25,0.7464471529344836,0.6666666666666666,LogisticRegression
bodyfat_did778,0.0714285714285714,0.3571428571428571,0.0714285714285714,0.0714285714285714,0.0,0.5,0.0,0.0714285714285714,0.0,0.1139,0.9961538461538462,6.5,0.56,0.0714285714285714,0.1428571428571428,0.0,1.0,0.8131868131868132,1.0,0.0039682539682539,0.0,118.5,0.0,56.47867063492063,1.0,0.1155439355913563,6.5,0.0039682539682539,0.0198412698412698,0.1428571428571428,0.6,0.6560246620001556,6.0,2.0,4.0,0.0039682539682539,0.1626984126984127,6.5,0.2261904761904762,3.0,0.0,0.8321176188744445,3.5,0.6538461538461539,0.1968950133774749,0.2857142857142857,0.8373015873015873,0.0,0.0714285714285714,0.0,0.1428571428571428,5.0,30.15,1.5,0.0238095238095238,0.5,0.3846153846153846,5.0,0.7666334410069049,0.003023574268483,0.0674603174603174,0.0079365079365079,0.2446458960055074,0.0714285714285714,-5.321049156138252,0.2575757575757575,DecisionTree
breast-w_did15,0.1111111111111111,0.2222222222222222,0.1111111111111111,0.1111111111111111,0.1333333333333333,0.0,0.0,0.0,0.3157894736842105,9.0,0.8369979296066251,2.0,0.8714285714285714,0.1111111111111111,0.7777777777777778,0.8812589413447782,9.0,0.1388888888888889,6.5,0.1931330472103004,0.2222222222222222,1.0,0.2222222222222222,73.27575107296137,4.0,0.0523907987810426,5.0,0.4978540772532189,0.1015736766809728,0.1111111111111111,0.9,0.7591104387237422,1.0,2.0,6.0,0.6881258941344778,0.0357653791130186,1.0,0.0701001430615164,5.0,0.0,0.9128968493972848,3.5,0.9571428571428572,0.4377787913617087,0.0,0.9642346208869814,0.1428571428571428,0.1111111111111111,0.0266666666666666,0.0,3.0,9.0,4.0,0.0222222222222222,0.1187926296121114,0.7681159420289855,6.5,0.6421541144378947,0.0275210888506524,0.0014306151645207,0.0300429184549356,0.1377099849703125,0.2222222222222222,0.5903165022238464,0.0972222222222222,KNN
california_seed_0_nrows_2000_nclasses_10_ncols_100_stratify_True_did44362,0.125,0.375,0.125,0.125,0.272189349112426,0.875,0.0,0.125,0.9448818897637796,4.7972136222910216,0.6715,4.0,0.5,0.125,0.125,0.9495,17.0,0.9285714285714286,9.625984251968504,0.003,0.125,32.56,0.2352941176470588,486.02125,9.0,0.0291785690000193,7.0,0.0025,0.0445,0.875,0.52,0.5392719576278984,3.0,5.5,3.0,0.003,0.2055,4.0,0.322,2.0,0.0588235294117647,0.6455566253480386,4.5,0.55,0.0302291840707918,0.875,0.7945,0.0714285714285714,0.125,0.0236686390532544,0.0,5.0,21.65852058823529,3.5,0.0208333333333333,0.0630871832692307,0.7,7.0,0.8167446317423703,0.1053884381246543,0.007,0.149,0.0923849656551116,0.125,-0.3333663544265298,0.8571428571428571,LogisticRegression
chatfield_4_did820,0.0833333333333333,0.0833333333333333,0.0833333333333333,0.3333333333333333,0.1951219512195122,0.0833333333333333,0.2,0.0833333333333333,0.4761904761904761,182.3,0.7998188405797102,6.5,0.7916666666666666,0.1666666666666666,0.3333333333333333,0.3702127659574468,9.0,0.0454545454545454,5.714285714285714,0.1914893617021276,0.4444444444444444,1749.0,0.1111111111111111,39.58244680851064,2.0,0.0820991805318483,3.5,0.0085106382978723,0.0340425531914893,0.9166666666666666,0.782608695652174,0.7772441385461947,5.0,1.0,6.0,0.0170212765957446,0.1489361702127659,3.0,0.2340425531914893,5.0,0.0,0.7701494100775547,3.0,0.875,0.1346592498279166,0.9166666666666666,0.851063829787234,0.125,0.0833333333333333,0.048780487804878,0.0,2.0,205.8,1.0,0.0138888888888888,0.1017303218282973,0.6086956521739131,4.0,0.7422324187800304,0.0606980180752062,0.025531914893617,0.0680851063829787,0.1449944085749669,0.1666666666666666,0.0,0.1666666666666666,LogisticRegression
chscase_vine2_did814,0.5,0.5,0.5,0.5,0.1317365269461078,0.5,0.0,0.5,0.6071428571428571,8.0,0.4808973172987975,3.0,0.2765957446808511,0.5,0.5,0.9615384615384616,13.0,0.0,8.666666666666666,0.1004273504273504,0.5,1983.0,0.2307692307692307,113.10363247863248,6.0,0.1454770174684896,3.0,0.0876068376068376,0.0854700854700854,0.5,0.4468085106382978,0.4041993794724525,2.0,5.5,7.0,0.0192307692307692,0.1367521367521367,1.0,0.2158119658119658,4.0,0.0769230769230769,0.057783266607999,6.5,1.0,0.0578778246522039,0.5,0.8632478632478633,0.0909090909090909,0.5,0.0239520958083832,0.0,4.0,29.5,2.5,0.1428571428571428,0.0756083858800588,0.5319148936170213,2.5,0.7109111838274171,0.3117647058823563,0.0106837606837606,0.4529914529914529,0.1736945141675117,0.5,0.0,0.5,DecisionTree
climate-model-simulation-crashes_did1467,0.05,0.45,0.05,0.05,0.0869565217391304,0.9,0.0,0.05,0.4,0.993941,0.8500000000000002,3.0,0.7962962962962963,0.05,0.1,0.7944444444444444,10.0,0.9947368421052633,6.6571428571428575,0.0,0.3125,1.0,0.1,17.328703703703702,3.5,0.0095629218424874,1.5,0.9148148148148147,0.2388888888888889,0.9,0.8333333333333334,1.806777568131324,2.0,6.0,3.0,0.9148148148148147,0.1462962962962962,2.0,0.1981481481481481,1.0,0.2,0.433546029582943,6.0,0.925925925925926,0.0142245862838678,0.9,0.8537037037037037,0.125,0.05,0.0289855072463768,0.0,4.0,0.9974035,2.0,0.0193548387096774,0.0990228381320096,0.9074074074074074,4.0,0.5796211518985778,0.0784201817478535,0.0037037037037037,0.0851851851851851,0.0230500630899231,0.1,-0.0008280931886727,0.0606060606060606,SVM
covertype_seed_0_nrows_2000_nclasses_10_ncols_100_stratify_True_did44377,0.2,0.9,0.2,0.1,0.1818181818181818,0.1,0.1,0.2,0.9613095238095238,3.2078280448913574,0.63,3.0,0.62,0.1,0.8,0.922,23.0,0.4,12.336309523809524,0.031,0.2,6.868231773376465,0.0869565217391304,439.030875,11.0,0.0388587184554508,1.5,0.0225,0.082,0.5,0.625,0.7630122513941446,6.0,4.5,6.0,0.007,0.3145,3.0,0.5,7.0,0.0434782608695652,0.2749334235936999,6.5,0.545,0.0231553213549998,0.1,0.6855,0.0476190476190476,0.1,0.029806259314456,0.1,7.0,6.010410904884338,4.5,0.0333333333333333,0.0427759314802357,0.6,2.0,0.8094699502554917,0.187327912647418,0.097,0.373,0.0607479205070914,0.1,-1.1560676220137134,0.7777777777777778,MLP
credit_did44345,0.1,0.6,0.1,0.2,0.212234706616729,0.8,0.0,0.1,0.9027431421446384,8.0,0.6005,2.0,0.48,0.2,0.1,0.9935,20.0,0.9777777777777776,11.917705735660848,0.0,0.3,21.0,0.1,496.94925,19.0,0.0282842712474618,2.5,0.028,0.0375,0.9,0.495,0.3738934160227651,3.0,6.0,1.0,0.005,0.4375,3.0,0.621,2.0,0.05,0.3246985355759101,3.0,0.655,0.095106728140994,0.8,0.5625,0.1176470588235294,0.1,0.0149812734082397,0.0,6.0,98.0,2.0,0.0253164556962025,0.0524329299891207,0.63,5.0,0.8265421322475937,0.1952319289862926,0.0,0.3,0.0604386455786583,0.1,0.3696353334287745,0.7555555555555555,LogisticRegression
dataset_credit-g_did46532,0.05,0.85,0.05,0.15,0.2105263157894736,0.95,0.0,0.05,0.815,1.0,0.62,3.0,0.56,0.1,0.05,0.986,17.0,0.9947368421052633,10.055,0.001,0.2105263157894736,250.0,0.2352941176470588,81.1885,13.0,0.0,6.0,0.539,0.235,0.95,0.64,1.8472457104726727,3.5,4.0,6.0,0.14,0.309,2.0,0.443,1.0,0.0588235294117647,0.4246425251402326,2.0,0.7,0.5000000055511151,0.95,0.691,0.0714285714285714,0.05,0.0300751879699248,0.15,5.0,3.0,2.0,0.0246913580246913,0.0628869089338318,0.7,4.0,0.6878943680043512,0.1531213746839591,0.067,0.271,0.0211392923053991,0.05,-4.898298117979158,0.8484848484848485,LogisticRegression
delta_ailerons_did803,0.2,0.4,0.2,0.2,0.2585410895660203,0.2,0.0,0.2,0.9538745387453874,0.00232,0.8949379107111902,3.0,0.8962131837307152,0.2,0.6,0.9103661102538926,20.0,0.2,11.736162361623617,0.0,0.2,-0.0015,0.15,1775.2210688736147,18.5,0.0122346120820974,7.0,0.0084163276756908,0.0670500771496703,0.6,0.9144460028050492,0.3640838114064347,3.0,2.0,5.0,0.0001402721279281,0.0819189227100575,3.0,0.1280684527984289,4.0,0.1,0.8382316895350783,4.0,0.5946704067321178,0.042452940521109,0.2,0.9180810772899424,0.0588235294117647,0.2,0.0110803324099723,0.2,1.0,0.0385,2.0,0.0769230769230769,0.0527947592321165,0.5638148667601683,7.0,0.7267384409295974,0.0663934006555997,0.0,0.0596156543694768,0.2723528709414643,0.2,-0.1707169070800554,0.7,SVM
depression_2020_did46876,0.25,0.95,0.3,0.35,0.1595925297113752,0.55,0.0,0.45,0.9220338983050848,1.0,0.6892987294395745,4.5,0.6923076923076923,0.05,0.45,0.986004198740378,36.0,0.8631578947368421,19.16949152542373,0.0,0.45,325112.0,0.0277777777777777,92.90264170748776,8.5,0.0027228426724608,5.5,0.8334499650104968,0.0944716585024492,0.55,0.7692307692307693,1.5385330609517762,2.0,5.5,3.0,0.6214135759272218,0.2673198040587823,1.0,0.384184744576627,2.0,0.1388888888888889,0.1619354828360757,5.5,0.8391608391608392,0.500000005551115,0.55,0.7326801959412176,0.0294117647058823,0.35,0.0882852292020373,0.0,6.0,46.0,2.5,0.0089285714285714,0.0244267393304871,0.8321678321678322,5.5,0.6919182173084211,0.1427714457202445,0.0622813156053184,0.1665500349895031,0.003571354899453,0.1,-3.046856671472334,0.7045454545454546,LogisticRegression
diabetes_did37,0.125,0.375,0.125,0.125,0.1660079051383399,0.5,0.2,0.125,0.7401574803149606,2.342,0.6368933697881066,3.0,0.5844155844155844,0.125,0.25,0.9934895833333334,13.0,0.8571428571428571,8.433070866141732,0.5768229166666666,0.125,21.0,0.2307692307692307,169.6875,8.0,0.0422379106125569,7.0,0.4557291666666667,0.08984375,0.25,0.7142857142857143,0.5780190679561805,2.0,4.5,6.0,0.0013020833333333,0.3020833333333333,1.0,0.4361979166666667,3.0,0.1538461538461538,0.5506842068290059,2.5,0.6578947368421053,0.030457413496615,0.5,0.6979166666666666,0.1,0.125,0.0158102766798418,0.375,6.0,83.05,4.5,0.0149253731343283,0.0858466200847296,0.6493506493506493,7.0,0.7417449325142744,0.1473406399419553,0.0013020833333333,0.2265625,0.0516087721980938,0.125,-1.8364126410535564,0.7678571428571429,LogisticRegression
disclosure_x_bias_did774,0.3333333333333333,0.3333333333333333,0.3333333333333333,0.0,0.1577726218097447,0.3333333333333333,0.0,0.3333333333333333,0.7083333333333334,17.522004,0.4728855721393035,7.0,0.3787878787878788,0.3333333333333333,0.6666666666666666,0.9894259818731118,17.0,0.3333333333333333,11.185185185185183,0.0,0.3333333333333333,5.157271,0.0588235294117647,165.16767371601208,15.0,0.0902647717866726,7.0,0.0256797583081571,0.052870090634441,0.3333333333333333,0.3333333333333333,0.3616598018028421,2.0,4.0,6.0,0.5211480362537765,0.4894259818731117,3.0,0.7175226586102719,5.0,0.0588235294117647,0.1547164401356869,4.0,0.5757575757575758,0.0026696527634191,0.3333333333333333,0.5105740181268882,0.0666666666666666,0.3333333333333333,0.0278422273781902,0.0,1.0,25.972607,4.0,0.75,0.0585639474248092,0.2575757575757575,6.0,0.7026652586842649,0.168592360133946,0.0015105740181268,0.4214501510574018,0.0010733685592115,0.3333333333333333,-0.3216736971722366,0.3333333333333333,LogisticRegression
dummy_did45604,0.1666666666666666,0.1666666666666666,0.1666666666666666,0.0,0.1830065359477124,0.1666666666666666,0.0,0.1666666666666666,0.4545454545454545,109.59168126170503,0.6639999999999999,5.0,0.89,0.1666666666666666,1.0,0.985,10.0,0.1333333333333333,6.779220779220779,0.0,0.1666666666666666,-9.72896265325841,0.1,143.3315,5.5,0.046200048100023,5.0,0.043,0.234,0.1666666666666666,0.9,0.8873756311700284,1.5,3.5,5.0,0.328,0.077,1.0,0.146,6.0,0.0,0.7616039876609424,4.5,0.73,0.0243368821908345,0.1666666666666666,0.923,0.1428571428571428,0.1666666666666666,0.0130718954248366,0.0,4.0,109.84402908735204,5.5,0.1666666666666666,0.1192822129782564,0.67,7.0,0.6817848994919883,0.0013125907480455,0.1,0.006,0.0454687517085174,0.1666666666666666,-0.0611913360004204,0.1333333333333333,LogisticRegression
ecoli_did1011,0.4285714285714285,0.1428571428571428,0.1428571428571428,0.2857142857142857,0.2040816326530612,0.2857142857142857,0.3,0.7142857142857143,0.32,0.5,0.8040998217468805,5.0,0.8484848484848485,0.2857142857142857,0.7142857142857143,0.4880952380952381,8.0,0.5714285714285714,5.32,0.0119047619047619,0.2,0.5,0.25,78.22321428571429,3.0,0.0535377110672473,2.0,0.0238095238095238,0.0029761904761904,0.1428571428571428,0.4242424242424242,0.5619606565483576,6.0,4.5,2.0,0.0297619047619047,0.056547619047619,3.0,0.0803571428571428,6.0,0.0,0.8818474126314496,2.5,0.5882352941176471,0.1259097643076351,0.2857142857142857,0.9434523809523808,0.1666666666666666,0.2857142857142857,0.0408163265306122,0.0,3.0,0.88,4.5,0.0588235294117647,0.136657236289582,0.7575757575757576,7.0,0.7746113540483511,0.0305178464173775,0.3184523809523809,0.0297619047619047,0.2010081913709785,0.1428571428571428,-0.1644768778993925,0.6428571428571429,SVM
electricity_seed_0_nrows_2000_nclasses_10_ncols_100_stratify_True_did44372,0.1428571428571428,0.1428571428571428,0.2857142857142857,0.1428571428571428,0.2341463414634146,0.1428571428571428,0.1,0.4285714285714285,0.814935064935065,0.807871,0.6855,3.0,0.6,0.2857142857142857,0.5714285714285714,0.9485,17.0,0.4761904761904761,10.87012987012987,0.0005,0.2857142857142857,0.07535,0.2352941176470588,460.701,17.0,0.0273861278752583,6.5,0.0005,0.0775,0.1428571428571428,0.635,0.6435763243601368,4.0,2.0,4.0,0.001,0.2935,3.0,0.479,5.0,0.1176470588235294,0.4579746684622038,3.0,0.64,0.0249050499237598,0.1428571428571428,0.7065,0.0714285714285714,0.1428571428571428,0.0195121951219512,0.0,6.0,0.933229,4.0,0.0273972602739726,0.0625342871381512,0.585,6.0,0.8098213776943131,0.1568825027310605,0.102,0.2614999999999999,0.0747151224866844,0.1428571428571428,-0.1642537173795707,0.4285714285714285,DecisionTree
eye_movements_seed_0_nrows_2000_nclasses_10_ncols_100_stratify_True_did44423,0.05,0.45,0.05,0.1,0.1627620221948212,0.85,0.0,0.05,0.9532019704433498,0.303,0.5125,5.0,0.52,0.05,0.1,0.997,23.0,0.9526315789473684,13.263546798029555,0.0195,0.15,20.0,0.0869565217391304,405.4905,19.0,0.020303256443788,2.5,0.014,0.117,0.95,0.465,0.8795970982263086,2.5,6.0,3.0,0.0005,0.442,2.0,0.6265,7.0,0.0869565217391304,0.1773957029833103,3.0,0.515,0.0034649283852814,0.85,0.558,0.0952380952380952,0.05,0.0271270036991368,0.0,6.0,1053.1808,5.0,0.0046948356807511,0.0426975706614837,0.51,4.5,0.7728464832206043,0.1709482793808943,0.151,0.435,0.0028263927158449,0.05,0.0426209160569475,0.9393939393939394,LogisticRegression
football-player-position_did46764,0.0909090909090909,0.1818181818181818,0.0909090909090909,0.0909090909090909,0.2263414634146341,0.7272727272727273,0.2,0.0909090909090909,0.97270955165692,0.5,0.5059449656417869,1.5,0.5955678670360111,0.0909090909090909,0.1818181818181818,0.6385517158199522,21.0,0.9454545454545454,11.824561403508772,0.0252007754084741,0.0909090909090909,157.0,0.1904761904761904,1187.9506369426751,21.0,0.0229230680860216,2.5,0.4336748823040709,0.0628634727222376,0.5454545454545454,0.7423822714681441,0.5819948898084187,2.0,3.5,6.0,0.0027693159789531,0.2082525616172805,2.0,0.3112711160343395,5.0,0.0,0.8714315437098507,3.5,0.4792243767313019,0.1193157851789134,0.6363636363636364,0.7917474383827194,0.0555555555555555,0.0909090909090909,0.0234146341463414,0.0,6.0,7.6,2.5,0.0069930069930069,0.0496186576323246,0.5429362880886427,7.0,0.8039861964613382,0.0367936040901902,0.281362503461645,0.047476737180983,0.1894164532666796,0.1818181818181818,-2.286113614523716,0.4454545454545454,LogisticRegression
fri_c3_1000_25_did715,0.16,0.84,0.68,0.16,0.1655172413793103,0.88,0.0,0.04,0.1917808219178082,3.351572,0.6990000000000001,2.0,0.54,0.04,0.84,0.971,9.0,0.9666666666666668,6.958904109589041,0.186,0.3478260869565217,-1.644647,0.1111111111111111,97.429375,8.0,0.013984117975602,2.5,0.241,0.237,0.12,0.56,1.9022591643697944,6.5,2.0,4.0,0.006,0.356,6.0,0.546,3.0,0.1111111111111111,0.4414903204218179,6.5,0.56,0.0445474251197263,0.88,0.644,0.1666666666666666,0.04,0.0137931034482758,0.0,3.0,3.479137,4.0,0.2177777777777777,0.1416980340480461,0.55,5.0,0.8209987513241545,0.1633005821172416,0.131,0.307,0.0777228653100128,0.04,-0.0993481399641529,0.9848484848484848,DecisionTree
glass_did1005,0.1111111111111111,0.1111111111111111,0.1111111111111111,0.2222222222222222,0.1538461538461538,0.2222222222222222,0.1,0.1111111111111111,0.5151515151515151,0.02278,0.6298701298701299,3.0,0.7272727272727273,0.1111111111111111,0.5555555555555556,0.897196261682243,10.0,0.6111111111111112,6.363636363636363,0.5186915887850467,0.125,69.81,0.2,44.5338785046729,3.5,0.0197854389621963,3.0,0.1775700934579439,0.1869158878504672,0.6666666666666666,0.4545454545454545,0.5703512066863673,4.5,3.5,1.0,0.0233644859813084,0.1775700934579439,2.0,0.3177570093457944,7.0,0.0,0.3996313399450295,6.0,0.6666666666666666,0.0383667598238612,0.6666666666666666,0.822429906542056,0.125,0.2222222222222222,0.0307692307692307,0.1111111111111111,4.0,4.49,5.0,0.025,0.1025986972755148,0.6190476190476191,3.0,0.7010832547413653,0.1861214019208015,0.0046728971962616,0.3551401869158879,0.0311156251238367,0.1111111111111111,-1.1364522784665263,0.2361111111111111,KNN
heart-statlog_did53,0.0769230769230769,0.3076923076923077,0.0769230769230769,0.2307692307692307,0.1978021978021978,0.6923076923076923,0.2,0.0769230769230769,0.3043478260869565,1.0,0.3407407407407407,2.5,0.4074074074074074,0.2307692307692307,0.2307692307692307,0.9851851851851852,9.0,0.9230769230769232,6.086956521739131,0.1925925925925926,0.2307692307692307,126.0,0.1111111111111111,29.078703703703702,4.0,0.1145556613299955,5.0,0.0888888888888888,0.0592592592592592,0.6923076923076923,0.7777777777777778,1.4842203347097431,1.0,4.0,6.0,0.0222222222222222,0.2259259259259259,1.0,0.3407407407407407,3.0,0.0,0.7384089317721091,2.5,0.7037037037037037,0.2696280923758752,0.6923076923076923,0.774074074074074,0.1666666666666666,0.0769230769230769,0.0219780219780219,0.0,4.0,3.0,5.0,0.02,0.1352309942769282,0.5185185185185185,6.5,0.7198336825573356,0.1047437105807076,0.0925925925925925,0.1444444444444445,0.0695144076650338,0.1538461538461538,-0.869027265265536,0.6363636363636364,LogisticRegression
hepatitis_c_virus_hcv_for_egyptian_patients_did46850,0.0357142857142857,0.0357142857142857,0.0357142857142857,0.2857142857142857,0.2918918918918919,0.7857142857142857,0.0,0.0357142857142857,0.9740820734341252,1.0,0.2606923157126473,2.5,0.1884057971014492,0.2857142857142857,0.2142857142857142,0.991077261479522,20.0,0.984126984126984,10.937365010799136,0.0693140794223826,0.25,3816422.0,0.05,123.51651624548737,12.0,0.017437789110369,3.0,0.0072202166064981,0.007942238267148,0.8928571428571429,0.2028985507246377,2.566042425382592,7.0,5.0,3.0,0.0014440433212996,0.755956678700361,6.0,0.867870036101083,1.0,0.05,0.1779516468777651,7.0,0.2877697841726618,0.0048159332677705,0.7857142857142857,0.244043321299639,0.0555555555555555,0.1071428571428571,0.0129729729729729,0.0357142857142857,6.0,89.0,1.0,0.0711111111111111,0.0509033428901027,0.2391304347826087,5.0,0.8542371752749093,0.2047088952318257,0.2649819494584837,0.4170761172710537,0.006663489645945,0.0714285714285714,-0.1109816419738973,0.2272727272727272,LogisticRegression
house_16H_seed_0_nrows_2000_nclasses_10_ncols_100_stratify_True_did44387,0.0625,0.25,0.0625,0.0625,0.2588235294117647,0.9375,0.2,0.0625,0.8450704225352113,0.076923,0.6460000000000001,2.5,0.585,0.0625,0.0625,0.9905,16.0,0.9,9.55868544600939,0.0045,0.0625,10.0,0.1875,462.257,13.0,0.0351346615814702,2.5,0.0295,0.06,0.9375,0.54,0.643468050754011,2.0,5.0,1.0,0.004,0.2175,3.0,0.3235,4.0,0.1875,0.6038361691573098,2.5,0.715,0.0505284341436052,0.9375,0.7825,0.0769230769230769,0.0625,0.028235294117647,0.0,6.0,0.903659,1.0,0.0056818181818181,0.0676999651945532,0.61,7.0,0.8036037011642095,0.1312058330675436,0.025,0.1735,0.0558197690374682,0.0625,-6.126019037721871,0.8787878787878788,DecisionTree
ilpd-numeric_did41945,0.1,0.1,0.1,0.1,0.1181434599156118,0.7,0.0,0.1,0.8235294117647058,1.0,0.6275569842197546,2.5,0.5862068965517241,0.1,0.3,0.888507718696398,20.0,0.9333333333333332,11.050420168067228,0.0,0.1,63.0,0.15,94.8499142367067,6.0,0.0076151103524606,3.5,0.7032590051457976,0.0600343053173241,0.6,0.396551724137931,0.6700740618421541,1.0,6.0,1.0,0.1698113207547169,0.3396226415094339,2.0,0.5180102915951973,3.0,0.15,0.3466499759202542,6.0,0.7241379310344828,0.0311913286327261,0.7,0.660377358490566,0.0555555555555555,0.1,0.050632911392405,0.0,5.0,47.1,2.0,0.0140845070422535,0.0478108977953962,0.7068965517241379,4.0,0.7239979296701757,0.2226375192171361,0.0,0.2864493996569468,0.0352860802845002,0.2,-1.191761540766542,0.8888888888888888,LogisticRegression
ionosphere_did59,0.0294117647058823,0.7941176470588235,0.0294117647058823,0.0294117647058823,0.1777777777777777,0.0294117647058823,0.0,0.9705882352941176,0.3478260869565217,0.0,0.7726190476190475,3.0,0.7714285714285715,0.0588235294117647,0.7058823529411765,0.8091168091168092,8.0,0.3885918003565062,5.521739130434782,0.0427350427350427,0.7647058823529411,0.0,0.375,26.59027777777778,3.0,0.0624159803106187,7.0,0.4928774928774929,0.0712250712250712,0.2941176470588235,0.8,1.7961220965181872,3.0,1.0,7.0,0.1823361823361823,0.0911680911680911,3.0,0.1737891737891738,5.0,0.0,0.7873960178148636,2.5,0.8857142857142857,0.500000005551115,0.0294117647058823,0.9088319088319088,0.1428571428571428,0.1764705882352941,0.0444444444444444,0.0,1.0,2.0,5.0,0.0094786729857819,0.1217444753712165,0.5142857142857142,5.5,0.720672920511796,0.0553794629857645,0.0313390313390313,0.0569800569800569,0.0917980243945149,0.0294117647058823,-0.3231893210438845,0.1515151515151515,SVM
jEdit_4.2_4.3_did1048,0.125,0.25,0.125,0.125,0.1268292682926829,0.75,0.0,0.125,0.6213592233009708,8.0,0.534009009009009,6.0,0.4324324324324324,0.125,0.25,0.951219512195122,13.0,0.8214285714285714,8.388349514563107,0.02710027100271,0.375,3.0,0.2307692307692307,79.98306233062331,10.0,0.0410935752298143,3.5,0.008130081300813,0.02710027100271,0.625,0.3783783783783784,0.5889546318934643,5.5,5.0,1.0,0.002710027100271,0.3333333333333333,2.0,0.5420054200542005,6.0,0.0,0.3400044435534385,3.5,0.6216216216216216,0.0153680719457382,0.75,0.6666666666666666,0.1,0.125,0.0195121951219512,0.0,3.0,169.5,5.0,0.0204081632653061,0.083172766100309,0.4722222222222222,5.0,0.8187569889672072,0.1918208165634152,0.3495934959349593,0.3577235772357723,0.0245098944537184,0.125,-0.3737854419393686,0.2678571428571428,KNN
jungle_chess_2pcs_raw_endgame_complete_seed_0_nrows_2000_nclasses_10_ncols_100_stratify_True_did44718,0.1666666666666666,0.1666666666666666,0.3333333333333333,0.3333333333333333,0.3224530168150346,0.3333333333333333,0.1,0.3333333333333333,0.9011857707509882,6.0,0.5605,2.0,0.69,0.1666666666666666,1.0,1.0,17.0,0.2,10.480237154150196,0.142,0.1666666666666666,0.0,0.1176470588235294,347.798,17.0,0.0336650164612069,2.0,0.0305,0.1145,0.3333333333333333,0.645,1.0354804341676576,3.5,2.0,6.0,0.228,0.2555,3.0,0.41,7.0,0.0,0.5222721403693235,4.0,0.595,0.0275226677822519,0.3333333333333333,0.7445,0.1538461538461538,0.3333333333333333,0.0118694362017804,0.3333333333333333,6.0,7.0,2.0,0.024390243902439,0.0689407969505554,0.475,5.0,0.7761588662197539,0.1508518552735282,0.032,0.2062213292710309,0.0609763121033112,0.1666666666666666,-0.6167541808830304,0.7,MLP
kc2_did1063,0.0476190476190476,0.4285714285714285,0.0476190476190476,0.0476190476190476,0.1021897810218978,0.9523809523809524,0.0,0.0476190476190476,0.8405797101449275,2.0,0.7178519593613932,5.5,0.6153846153846154,0.0952380952380952,0.0476190476190476,0.9578544061302682,15.0,0.9904761904761904,8.101449275362318,0.0,0.2857142857142857,1.0,0.0666666666666666,81.42744252873563,3.0,0.072331382255625,5.0,0.0019157088122605,0.0344827586206896,0.9523809523809524,0.7115384615384616,0.3289902532174811,2.0,7.0,3.0,0.0057471264367816,0.3122605363984674,1.0,0.3084291187739463,2.0,0.0,0.5985821241842396,7.0,0.9230769230769232,0.1532060192479336,0.9523809523809524,0.6877394636015326,0.1538461538461538,0.0476190476190476,0.0291970802919708,0.0476190476190476,2.0,325.0,6.0,0.0142857142857142,0.0671141982698218,0.7692307692307693,4.0,0.6452812084105451,0.1050566478572033,0.0,0.1475095785440613,0.0398563804515387,0.2857142857142857,1.0404735692744935,0.1136363636363636,SVM
kdd_ipums_la_97-small_seed_0_nrows_2000_nclasses_10_ncols_100_stratify_True_did44392,0.05,0.25,0.05,0.1,0.2031602708803611,0.7,0.0,0.3,0.9144144144144144,7.0,0.7969999999999999,2.5,0.78,0.2,0.1,0.6535,23.0,0.963157894736842,13.09009009009009,0.0165,0.25,6250.0,0.0869565217391304,212.736875,9.0,0.0163639169448447,3.5,0.07,0.0,0.75,0.675,1.2613565455048892,3.0,6.5,1.0,0.1215,0.211,3.0,0.306,4.0,0.0869565217391304,0.7234444631610536,3.0,0.76,0.2715846986353222,0.7,0.789,0.0454545454545454,0.05,0.0225733634311512,0.0,3.0,450.5,1.5,0.0393700787401574,0.037587969980228,0.815,4.5,0.8311533828767768,0.1304304355350306,0.138,0.1644999999999999,0.1532004549567077,0.1,-0.7413268122346707,0.5454545454545454,LogisticRegression
machine_cpu_did733,0.1666666666666666,0.1666666666666666,0.1666666666666666,0.1666666666666666,0.1935483870967742,0.6666666666666666,0.0,0.1666666666666666,0.5,52.0,0.7992857142857143,2.5,0.7142857142857143,0.1666666666666666,0.1666666666666666,0.6555023923444976,8.0,0.9333333333333332,4.875,0.0334928229665071,0.4,64.0,0.25,37.83014354066986,2.0,0.1915419917226938,4.0,0.645933014354067,0.1100478468899521,0.6666666666666666,0.7619047619047619,0.3808307712587289,1.0,1.0,7.0,0.0095693779904306,0.062200956937799,2.0,0.1004784688995215,5.0,0.0,0.7915149245764526,2.5,1.0,0.1613841299499676,0.6666666666666666,0.937799043062201,0.1428571428571428,0.1666666666666666,0.064516129032258,0.1666666666666666,4.0,869.5,5.0,0.0344827586206896,0.1186257152444878,0.2857142857142857,6.5,0.6290730807511435,0.0431751324887377,0.0,0.0478468899521531,0.0791946388001154,0.3333333333333333,2.110033435483127,0.1666666666666666,LogisticRegression
maternal_health_risk_did46600,0.1666666666666666,0.1666666666666666,0.1666666666666666,0.1666666666666666,0.2167182662538699,0.3333333333333333,0.2,0.1666666666666666,0.7716049382716049,5.0,0.5610172781984082,6.0,0.7450980392156863,0.1666666666666666,0.6666666666666666,0.8694329851176614,17.0,0.6666666666666666,11.01851851851852,0.0522682445759368,0.1666666666666666,98.0,0.1176470588235294,293.9447731755424,9.0,0.0570765159745024,4.5,0.0729783037475345,0.0631163708086785,0.1666666666666666,0.5392156862745098,0.6358744020203778,6.0,1.0,5.0,0.0019723865877712,0.160749506903353,3.0,0.4575936883629191,7.0,0.1176470588235294,0.6950460440109741,3.0,0.5148514851485149,0.083365927958101,0.1666666666666666,0.8392504930966469,0.125,0.1666666666666666,0.0309597523219814,0.1666666666666666,6.0,55.5,1.0,0.0227272727272727,0.0557343073077243,0.3235294117647059,4.0,0.8229972907224483,0.1388588187610708,0.150887573964497,0.2010991407178825,0.1243620961011302,0.1666666666666666,-1.0404399390346792,0.3,DecisionTree
mental_health_detection_did46879,0.0,0.0714285714285714,0.1428571428571428,0.2857142857142857,0.0983606557377049,0.2857142857142857,0.0,0.7142857142857143,0.6451612903225806,4.0,0.3555555555555555,3.0,0.2222222222222222,0.2142857142857142,0.2142857142857142,0.971663785866854,11.0,0.0439560439560439,6.548387096774194,0.0166666666666666,0.25,1.0,0.0909090909090909,98.91481481481482,3.0,0.028220072717685,6.5,0.1462962962962962,0.0037037037037037,0.2142857142857142,0.2222222222222222,0.8779342845435594,6.0,2.0,5.0,0.0722222222222222,0.5555555555555556,6.0,0.7462962962962963,7.0,0.0,0.4200029889999267,2.0,0.3518518518518518,0.0615118277996919,0.2857142857142857,0.4444444444444444,0.2222222222222222,0.2857142857142857,0.0655737704918032,0.0,7.0,5.0,3.0,0.0606060606060606,0.0899356809585028,0.2592592592592592,3.5,0.9176856202813638,0.2186569749825465,0.0277777777777777,0.3596858408951346,0.0108644891713853,0.0714285714285714,0.2602503533042739,0.0303030303030303,DecisionTree
mfeat-morphological_did962,0.1666666666666666,0.3333333333333333,0.1666666666666666,0.1666666666666666,0.1481481481481481,0.8333333333333334,0.0,0.1666666666666666,0.2857142857142857,1.4157,0.937,2.5,0.725,0.3333333333333333,0.1666666666666666,0.423,7.0,0.9333333333333332,4.785714285714286,0.0,0.2,1439.53494,0.1428571428571428,155.086,2.0,0.0,3.5,0.6575,0.015,0.8333333333333334,0.995,0.5452447649152456,3.0,2.0,7.0,0.9,0.0015,3.0,0.0045,4.0,0.0,0.6262264676124562,1.0,0.9,0.1707443922158953,0.8333333333333334,0.9985,0.1666666666666666,0.1666666666666666,0.074074074074074,0.0,4.0,5.5,3.0,0.0208333333333333,0.1330744897890706,0.9,2.0,0.7932121287202133,0.0014912801114994,0.0,0.0014999999999999,0.0711476263777403,0.1666666666666666,-0.0627424390387616,0.3,LogisticRegression
mu284_did880,0.1,0.7,0.1,0.1,0.0,0.7,0.0,0.1,0.0,7.0,0.9508620689655172,3.5,0.5714285714285714,0.1,0.1,0.0,1.0,0.9333333333333332,1.0,0.0105633802816901,0.0,347.0,0.0,61.36223591549296,1.0,0.1064161034221323,5.5,0.0035211267605633,0.0387323943661971,0.8,0.5357142857142857,0.6062826632107633,5.5,1.0,4.0,0.0035211267605633,0.0387323943661971,5.5,0.0950704225352112,3.0,0.0,0.8866359596015013,2.0,0.8928571428571429,0.2000237668684865,0.7,0.9612676056338028,0.0,0.1,0.0,0.1,1.0,466.5,2.5,0.0169491525423728,0.5,0.2857142857142857,5.0,0.7191018807179684,0.0025510819638595,0.056338028169014,0.0105633802816901,0.3266881734647489,0.1,0.0001126067002695,0.3333333333333333,DecisionTree
mw1_did1071,0.027027027027027,0.1621621621621621,0.027027027027027,0.027027027027027,0.0952380952380952,0.972972972972973,0.0,0.027027027027027,0.5625,0.65,0.8832317073170731,3.0,0.825,0.054054054054054,0.027027027027027,0.6377171215880894,11.0,0.996996996996997,6.78125,0.009925558312655,0.7,17.41,0.3636363636363636,15.328629032258064,3.0,0.0073026619600903,4.5,0.9230769230769232,0.1091811414392059,0.972972972972973,0.75,1.1787261600895604,5.0,6.5,1.0,0.9230769230769232,0.1339950372208436,3.0,0.1836228287841191,2.0,0.0,0.510496411924461,3.0,0.926829268292683,0.022564313179453,0.972972972972973,0.8660049627791563,0.1111111111111111,0.027027027027027,0.0634920634920634,0.0,4.0,42.0,3.0,0.0090497737556561,0.0883246580766573,0.902439024390244,3.0,0.5985820447154537,0.0565371808362376,0.0049627791563275,0.0694789081885856,0.0259347801234653,0.1081081081081081,-1.2624423339645274,0.3863636363636363,SVM
no2_did886,0.1428571428571428,0.1428571428571428,0.1428571428571428,0.1428571428571428,0.111587982832618,0.7142857142857143,0.0,0.1428571428571428,0.6752136752136753,4.22141,0.544,2.5,0.42,0.1428571428571428,0.1428571428571428,0.962,15.0,0.8571428571428571,9.324786324786324,0.046,0.1428571428571428,4.12713,0.2,114.016,9.0,0.0105409255338946,3.0,0.012,0.088,0.8571428571428571,0.48,0.6890769669645898,3.0,2.0,5.0,0.012,0.418,3.0,0.598,4.0,0.0,0.2421766072361809,7.0,0.54,0.0109833205244068,0.8571428571428571,0.582,0.0769230769230769,0.1428571428571428,0.0171673819742489,0.1428571428571428,7.0,9.7,4.0,0.0204081632653061,0.0678625941570209,0.52,4.0,0.8038757799962467,0.1857030257380536,0.126,0.408,0.0160515886678982,0.1428571428571428,-0.8329306294387332,0.5714285714285714,MLP
numerai28.6_seed_0_nrows_2000_nclasses_10_ncols_100_stratify_True_did44493,0.1904761904761904,0.0952380952380952,0.1428571428571428,0.0476190476190476,0.1685823754789272,0.0476190476190476,0.0,0.0,0.9642857142857144,0.998727255740307,0.5115000000000001,7.0,0.43,0.0476190476190476,0.6190476190476191,0.9935,26.0,0.1285714285714285,12.91326530612245,0.105,0.0476190476190476,0.001272744259693,0.1923076923076923,212.0466875,15.5,0.0120185042515466,3.0,0.006,0.135,0.0476190476190476,0.47,1.6905757103038377,4.5,3.0,6.0,0.003,0.525,5.0,0.7015,1.0,0.0384615384615384,0.1472822490634596,2.0,0.515,0.0008986322146091,0.0,0.475,0.0454545454545454,0.0952380952380952,0.0715197956577266,0.0476190476190476,7.0,0.9999074547736831,4.0,0.0357142857142857,0.0390659402383356,0.47,7.0,0.7657863183100593,0.1742939265907375,0.1885,0.4469999999999999,0.0013700191648925,0.0476190476190476,-0.137869904134347,0.6515151515151515,LogisticRegression
oil_spill_did311,0.0204081632653061,0.979591836734694,0.0204081632653061,0.0204081632653061,0.1159420289855072,0.979591836734694,0.0,0.0204081632653061,0.5714285714285714,0.0,0.9359871882864332,2.5,0.8709677419354839,0.0408163265306122,0.0204081632653061,0.7449306296691569,10.0,0.9965986394557824,6.485714285714286,0.0,0.6363636363636364,70312.0,0.1,17.850386872998932,3.5,0.0033229020246414,1.5,0.9562433297758804,0.0149413020277481,0.979591836734694,0.723404255319149,1.619862085686102,6.5,6.5,1.0,0.9562433297758804,0.0384204909284952,3.0,0.0661686232657417,2.0,0.4,0.6524794343532829,3.5,0.9574468085106383,0.500000005551115,0.979591836734694,0.9615795090715048,0.1666666666666666,0.0204081632653061,0.0289855072463768,0.0204081632653061,6.0,37.98,3.0,0.0050632911392405,0.112028957217592,0.946808510638298,5.0,0.7665547455364888,0.0192387492215511,0.0010672358591248,0.0192102454642475,0.013000249064622,0.0204081632653061,-0.3231893210438845,0.6439393939393939,LogisticRegression
pc4_did1049,0.027027027027027,0.7567567567567568,0.027027027027027,0.027027027027027,0.1139896373056994,0.972972972972973,0.0,0.027027027027027,0.8865979381443299,0.67,0.8731176192725554,3.0,0.773972602739726,0.027027027027027,0.027027027027027,0.8765432098765432,19.0,0.996996996996997,9.969072164948454,0.0006858710562414,0.25,2.0,0.0526315789473684,114.62225651577504,5.0,0.0025493405164638,2.0,0.877914951989026,0.1611796982167352,0.972972972972973,0.821917808219178,0.988428241052605,5.0,5.0,3.0,0.438957475994513,0.1268861454046639,2.0,0.1989026063100137,1.0,0.2105263157894736,0.5680919104322599,6.0,0.8827586206896552,0.1091282525879691,0.972972972972973,0.8731138545953361,0.0588235294117647,0.027027027027027,0.0621761658031088,0.027027027027027,6.0,93.02,2.0,0.003125,0.0504040518712098,0.8767123287671232,4.0,0.6298135809571226,0.0665535650950246,0.0109739368998628,0.0775034293552812,0.036710714458153,0.027027027027027,-0.4629765354060109,0.553030303030303,LogisticRegression
phoneme_did1489,0.2,0.2,0.2,0.2,0.2304060434372049,0.4,0.2,0.2,0.979245283018868,5.426737,0.7213151228862875,2.5,0.8981481481481481,0.2,1.0,0.8776831976313841,26.0,0.3,12.422641509433962,0.0,0.2,-2.367461,0.0384615384615384,1120.2437083641746,9.5,0.0007969479994824,3.0,0.5912287194670615,0.0301628423390081,0.2,0.7333333333333333,0.4580475696974634,3.0,1.0,6.0,0.7065136935603257,0.0906735751295336,2.0,0.1952257586972612,7.0,0.0384615384615384,0.4977938930024684,6.0,0.7537037037037037,0.0165307047918116,0.2,0.9093264248704664,0.125,0.2,0.0434372049102927,0.0,2.0,6.703472,6.0,0.0120481927710843,0.0382990521854761,0.7055555555555556,6.0,0.7162666920867027,0.1444497134295819,0.0,0.2252035529237601,0.0551755215780447,0.2,0.2093785649679558,0.15,KNN
pm10_did750,0.1428571428571428,0.1428571428571428,0.1428571428571428,0.1428571428571428,0.1411764705882353,0.7142857142857143,0.3,0.1428571428571428,0.859375,4.545420000000001,0.532,6.5,0.5,0.1428571428571428,0.1428571428571428,0.99,18.0,0.9047619047619048,10.03125,0.018,0.2857142857142857,5.0,0.1111111111111111,113.858,6.5,0.0319026296373477,6.0,0.074,0.124,0.8571428571428571,0.46,0.7016428178622611,6.5,1.0,6.0,0.002,0.416,4.0,0.624,7.0,0.1666666666666666,0.0968788090768769,3.0,0.64,0.0072591570466361,0.8571428571428571,0.584,0.0625,0.1428571428571428,0.0470588235294117,0.1428571428571428,6.0,9.6,1.0,0.0204081632653061,0.0542405011009338,0.42,1.0,0.797488573509541,0.176158027048764,0.136,0.4379999999999999,0.0110408566999053,0.1428571428571428,-0.9080871395010388,0.6666666666666666,DecisionTree
pol_seed_0_nrows_2000_nclasses_10_ncols_100_stratify_True_did44382,0.0384615384615384,0.5384615384615384,0.0769230769230769,0.0384615384615384,0.2047244094488189,0.1538461538461538,0.0,0.1538461538461538,0.484375,34.0,0.6345000000000001,2.5,0.915,0.3461538461538461,0.4615384615384615,0.8285,12.0,0.8061538461538461,7.84375,0.011,0.3888888888888889,94.0,0.0833333333333333,447.021,6.0,0.0105934990547138,6.5,0.358,0.1115,0.6153846153846154,0.685,0.7739174785598713,3.0,1.0,5.0,0.0575,0.062,3.0,0.127,7.0,0.0,0.7164662847689026,6.0,0.59,0.0363975036390955,0.1538461538461538,0.938,0.1,0.0384615384615384,0.0314960629921259,0.1538461538461538,2.0,98.5,3.0,0.0847457627118644,0.0853035097049512,0.5,6.0,0.751936871083815,0.0936984382565955,0.0215,0.1125,0.076128802425677,0.0384615384615384,0.4915697122610873,0.8636363636363636,MLP
prnn_synth_did464,0.5,0.5,0.5,0.0,0.2531645569620253,0.5,0.0,0.5,0.625,1.28449127,0.764,3.0,0.72,0.5,1.0,0.756,12.0,0.0,7.45,0.0,0.5,-0.19131316,0.0833333333333333,62.436,3.5,0.0809938269252663,2.5,0.004,0.0,0.5,0.8,0.3239539471612438,2.0,4.0,4.0,0.004,0.128,2.0,0.24,6.0,0.25,0.7225383418837364,2.5,0.8,0.1085595473053802,0.5,0.872,0.2727272727272727,0.5,0.050632911392405,0.0,4.0,1.6961559899999998,6.5,0.6666666666666666,0.0787939972344567,0.72,6.5,0.8211706181591467,0.0924816866974486,0.0,0.144,0.1127379689795265,0.5,-0.20667310196129,0.5,SVM
pwLinear_did721,0.1,0.8,0.1,0.1,0.2535211267605634,0.0,0.1,0.0,0.3888888888888889,2.0,0.505,3.0,0.75,0.1,1.0,1.0,9.0,0.2222222222222222,5.833333333333333,0.135,0.2,-1.0,0.1111111111111111,20.255625,4.0,0.0950146187582615,6.5,0.015,0.04,0.2,0.7,1.6126165377205683,1.0,2.0,6.0,0.05,0.22,1.0,0.36,4.0,0.0,0.7853098526255172,4.0,0.85,0.4353555295568559,0.0,0.78,0.1428571428571428,0.1,0.028169014084507,0.0,2.0,2.0,5.0,0.0344827586206896,0.1179638788813122,0.4,5.0,0.7478621501994306,0.0793347238112156,0.09,0.0949999999999999,0.1061802587990041,0.1,-0.1931859827197975,0.3222222222222222,SVM
qsar-biodeg_did1494,0.024390243902439,0.1463414634146341,0.024390243902439,0.073170731707317,0.2139917695473251,0.7317073170731707,0.1,0.024390243902439,0.9098360655737704,0.354,0.6871608265947888,2.5,0.6761904761904762,0.2195121951219512,0.1707317073170731,0.9203791469194312,17.0,0.9768292682926828,9.098360655737704,0.0521327014218009,0.1875,4.917,0.0588235294117647,174.82535545023697,6.0,0.0484570158381273,4.5,0.4511848341232227,0.1393364928909952,0.8292682926829268,0.638095238095238,1.0348485273761752,2.0,2.0,4.0,0.0170616113744075,0.1696682464454976,3.0,0.2729857819905213,6.0,0.0588235294117647,0.704182247253049,4.0,0.6666666666666666,0.0695172442791006,0.7317073170731707,0.8303317535545024,0.1333333333333333,0.024390243902439,0.0493827160493827,0.024390243902439,5.0,8.0,7.0,0.0368852459016393,0.0584117126461823,0.6037735849056604,7.0,0.7281634962395626,0.0878078930061461,0.0255924170616113,0.1080568720379147,0.0532741835446701,0.024390243902439,-1.75718983851902,0.75,MLP
quake_did772,0.3333333333333333,0.3333333333333333,0.3333333333333333,0.3333333333333333,0.1735593220338983,0.3333333333333333,0.0,0.3333333333333333,0.975609756097561,144.64,0.5087029129497316,3.0,0.4541284403669725,0.3333333333333333,0.6666666666666666,0.9981634527089072,33.0,0.3333333333333333,17.142276422764226,0.0073461891643709,0.3333333333333333,0.0,0.1212121212121212,522.0449954086317,21.0,0.0010914387393536,6.0,0.3815426997245179,0.0160697887970615,0.3333333333333333,0.5321100917431193,0.4145962364253507,1.0,5.0,6.0,0.0045913682277318,0.4784205693296602,1.0,0.6946740128558311,2.0,0.0606060606060606,0.0697566509150365,3.0,0.5576036866359447,0.0010732867143167,0.3333333333333333,0.5215794306703397,0.032258064516129,0.6666666666666666,0.0352542372881355,0.0,7.0,359.96000000000004,2.0,0.0277777777777777,0.0281321922539044,0.5529953917050692,5.0,0.8314223506713265,0.3079122974260851,0.2998163452708907,0.4449035812672176,0.0033070067653127,0.3333333333333333,-0.856692682764643,0.6666666666666666,LogisticRegression
rmftsa_sleepdata_did679,0.5,0.5,0.5,0.5,0.2630744849445325,0.5,0.2,0.5,0.8955696202531646,0.6000000000000014,0.3007424328954882,2.0,0.196078431372549,0.5,0.5,0.9631935363107544,18.0,0.0,11.003164556962023,0.2822265625,0.5,100.0,0.0555555555555555,359.67724609375,13.0,0.0416934626308017,2.5,0.244140625,0.0478515625,0.5,0.2549019607843137,0.3053948627342693,1.0,3.5,7.0,0.39453125,0.5458984375,1.0,0.6484375,2.0,0.0555555555555555,0.2752094700689521,2.5,0.4368932038834951,0.0259410470147977,0.5,0.4541015625,0.0625,0.5,0.0158478605388272,0.0,4.0,43.8,6.0,0.1764705882352941,0.0566216086362346,0.2941176470588235,3.0,0.8342671006888778,0.2033524998410958,0.0,0.3033486426360273,0.0268082220871919,0.5,0.125492688176119,0.5,DecisionTree
seeds_did1499,0.2857142857142857,0.1428571428571428,0.2857142857142857,0.1428571428571428,0.1935483870967742,0.1428571428571428,0.0,0.1428571428571428,0.1875,0.1101999999999999,0.6190476190476191,2.0,0.6666666666666666,0.1428571428571428,0.2857142857142857,0.2166666666666666,6.0,0.5714285714285714,4.4375,0.0857142857142857,0.2857142857142857,12.41,0.3333333333333333,53.625,2.5,0.0504452335938752,1.5,0.019047619047619,0.0142857142857142,0.1428571428571428,0.6190476190476191,0.6441030736145611,4.0,3.0,6.0,0.0428571428571428,0.0666666666666666,2.0,0.1285714285714285,5.0,0.0,0.9283408780108005,3.0,0.6666666666666666,0.3585033369727886,0.1428571428571428,0.9333333333333332,0.6,0.1428571428571428,0.064516129032258,0.1428571428571428,7.0,2.031,1.0,0.0857142857142857,0.1698453348225345,0.5238095238095238,7.0,0.797490432458405,0.0086502483988284,0.2047619047619047,0.0142857142857142,0.3380473604186216,0.1428571428571428,-0.5302930721299348,0.3809523809523809,MLP
segment_did958,0.1052631578947368,0.8947368421052632,0.1052631578947368,0.0526315789473684,0.1714285714285714,0.5789473684210527,0.4,0.0526315789473684,0.2222222222222222,0.0,0.903896103896104,2.0,0.9826839826839828,0.1052631578947368,0.2105263157894736,0.2658008658008658,7.0,0.7894736842105263,5.0,0.0,0.2222222222222222,11.0,0.5714285714285714,217.8721861471861,3.0,0.0,6.0,0.7995670995670996,0.0549783549783549,0.3157894736842105,0.8051948051948052,1.013898831532532,4.0,2.5,1.0,0.4086580086580086,0.0017316017316017,4.0,0.0064935064935064,7.0,0.0,0.7739809517521904,1.5,0.8571428571428571,0.5000000055511151,0.5789473684210527,0.9982683982683984,0.1666666666666666,0.0526315789473684,0.0571428571428571,0.0526315789473684,3.0,94.4444,4.0,0.0093457943925233,0.1403865772408727,0.8571428571428571,6.0,0.7468868450474744,0.002642229129589,0.0004329004329004,0.0025974025974025,0.1295820563968423,0.0526315789473684,-0.3231893210438845,0.1969696969696969,LogisticRegression
seismic-bumps_did1500,0.2857142857142857,0.1428571428571428,0.2857142857142857,0.1428571428571428,0.1935483870967742,0.1428571428571428,0.0,0.1428571428571428,0.1875,0.1101999999999999,0.6190476190476191,2.0,0.6666666666666666,0.1428571428571428,0.2857142857142857,0.2166666666666666,6.0,0.5714285714285714,4.4375,0.0857142857142857,0.0,12.41,0.3333333333333333,53.625,2.5,0.0504452335938752,1.5,0.019047619047619,0.0142857142857142,0.1428571428571428,0.6190476190476191,0.6441030736145611,4.0,3.0,6.0,0.0428571428571428,0.0666666666666666,2.0,0.1285714285714285,5.0,0.0,0.9283408780108005,3.0,0.6666666666666666,0.3585033369727886,0.1428571428571428,0.9333333333333332,0.6,0.1428571428571428,0.064516129032258,0.1428571428571428,7.0,2.031,1.0,0.0857142857142857,0.1698453348225345,0.5238095238095238,7.0,0.7974904324584053,0.0086652251026195,0.2047619047619047,0.0142857142857142,0.3380473604186216,0.1428571428571428,-0.5302930721299348,0.3809523809523809,MLP
space_ga_did737,0.8333333333333334,0.6666666666666666,0.8333333333333334,0.1666666666666666,0.1348571428571428,0.8333333333333334,0.1,0.8333333333333334,0.9657534246575342,3.157128,0.6160242713411471,4.5,0.4083601286173633,0.1666666666666666,0.1666666666666666,0.9517219182491148,23.0,0.6666666666666666,11.401826484018263,0.0003218538783392,0.3333333333333333,7.586804,0.0869565217391304,771.8229803669134,13.0,0.0678800092434851,2.5,0.0003218538783392,0.0624396523978113,0.1666666666666666,0.3215434083601286,0.3696234258819158,4.0,2.0,4.0,0.0003218538783392,0.1979401351786289,5.0,0.3311876408110717,1.0,0.0869565217391304,0.6784979506818744,4.5,0.6290322580645161,0.0200979410759837,0.1666666666666666,0.8020598648213711,0.05,0.1666666666666666,0.0274285714285714,0.1666666666666666,2.0,11.050600500000002,4.0,0.0238095238095238,0.0447750464880791,0.4161290322580645,7.0,0.7891892366060019,0.1174397918319214,0.00418410041841,0.1560991309945284,0.0747988124046973,0.1666666666666666,-1.019262301223879,0.6,DecisionTree
stock_did841,0.1111111111111111,0.2222222222222222,0.1111111111111111,0.2222222222222222,0.1772151898734177,0.2222222222222222,0.0,0.2222222222222222,0.575,12.375,0.8189473684210526,3.0,0.4947368421052631,0.1111111111111111,0.4444444444444444,0.5968421052631578,11.0,0.5833333333333334,7.375,0.2421052631578947,0.1111111111111111,58.0,0.1818181818181818,173.57,4.0,0.1482679314666021,4.5,0.1242105263157894,0.0410526315789473,0.2222222222222222,0.4842105263157895,0.7971201467704353,4.5,1.0,2.0,0.0831578947368421,0.0347368421052631,5.0,0.0663157894736842,7.0,0.0,0.7383780871812702,7.0,1.0,0.0743398834595969,0.2222222222222222,0.9652631578947368,0.1,0.1111111111111111,0.0253164556962025,0.2222222222222222,3.0,25.75,6.0,0.0246913580246913,0.0822283587280567,0.4947368421052631,1.0,0.8079532868261593,0.0994162924776129,0.0126315789473684,0.1263157894736841,0.1493381320187281,0.1111111111111111,-0.659146663031309,0.0555555555555555,KNN
strikes_did770,0.1666666666666666,0.3333333333333333,0.1666666666666666,0.1666666666666666,0.175438596491228,0.8333333333333334,0.0,0.1666666666666666,0.0689655172413793,17.0,1.0,6.5,0.3174603174603174,0.1666666666666666,0.1666666666666666,0.832,7.0,0.6666666666666666,5.551724137931035,0.0032,0.4,1951.0,0.1428571428571428,146.048,4.0,0.2311211602088389,1.0,0.0224,0.1408,0.6666666666666666,0.3870967741935484,0.6406314066974692,6.5,5.5,2.0,0.0032,0.008,7.0,0.1072,3.0,0.0,0.3678809967950793,5.5,0.6031746031746031,0.03700167235849,0.6666666666666666,0.992,0.3333333333333333,0.1666666666666666,0.0350877192982456,0.0,4.0,32.2,6.5,0.0208333333333333,0.1456996772511138,0.365079365079365,1.0,0.7670230909962629,0.1926542825706559,0.0688,0.3216,0.1106933548372204,0.1666666666666666,-0.229802542295271,0.2666666666666666,DecisionTree
student_lifestyle_dataset_did46752,0.1428571428571428,0.5714285714285714,0.1428571428571428,0.1428571428571428,0.0,0.8571428571428571,0.0,0.1428571428571428,0.5,1.7599999999999998,0.7849999999999999,3.5,0.045,0.1428571428571428,0.1428571428571428,0.2617353459293288,3.0,0.6666666666666666,2.25,0.0895,0.5,5.0,0.0,457.6665,1.0,0.0035355339059327,1.5,0.111,0.0705,0.8571428571428571,0.825,0.8667639865260839,5.5,3.0,7.0,0.0645,0.1215,5.0,0.22,1.0,0.0,0.8057059645269632,2.5,0.515,0.1273828588518448,0.8571428571428571,0.8785,0.3333333333333333,0.1428571428571428,0.0,0.1428571428571428,6.0,5.0,2.0,0.0595238095238095,0.2580005327400437,0.505,6.0,0.7836477976222873,0.0391294049906175,0.108,0.0640019644210325,0.3344496121282039,0.1428571428571428,-0.0070852895634521,0.7142857142857143,DecisionTree
sylvine_seed_0_nrows_2000_nclasses_10_ncols_100_stratify_True_did44678,0.05,0.9,0.05,0.05,0.1802575107296137,0.65,0.0,0.25,0.9145299145299144,44.0,0.8594999999999999,2.0,0.64,0.05,0.25,0.7895,22.0,0.9894736842105264,10.752136752136751,0.2295,0.1,1925.0,0.0454545454545454,290.50275,5.0,0.0238572141430357,2.5,0.007,0.215,0.7,0.87,1.2040863732336329,4.0,1.0,6.0,0.0015,0.2535,4.0,0.4195,3.0,0.0454545454545454,0.7316471388623079,6.0,0.535,0.0647311988222092,0.65,0.7465,0.05,0.15,0.0944206008583691,0.15,7.0,359.0,1.0,0.0083333333333333,0.0425627902736065,0.46,5.0,0.7965202050262957,0.0732489038444557,0.0865,0.0815,0.1440439754949296,0.05,-1.2137691508428117,0.8787878787878788,LogisticRegression
thyroid-new_did40682,0.2,0.4,0.2,0.4,0.1739130434782608,0.2,0.0,0.2,0.25,9.8,0.9114718614718617,3.0,0.8571428571428571,0.2,0.6,0.1349849849849849,6.0,0.3,4.166666666666667,0.0,0.2,65.0,0.1666666666666666,47.74418604651163,2.0,0.05267894122573,4.0,0.6976744186046512,0.041860465116279,0.8,0.9047619047619048,0.3441861523084348,5.5,2.0,7.0,0.6976744186046512,0.027906976744186,4.5,0.0883720930232558,6.0,0.0,0.8907044778957607,2.5,0.8571428571428571,0.3016402706565145,0.2,0.972093023255814,0.2,0.2,0.0869565217391304,0.0,5.0,56.3,4.0,0.08,0.1593669969192894,0.6818181818181818,4.5,0.5876613318471702,0.0020293215779607,0.0046511627906976,0.0073573573573573,0.1935000095764822,0.2,-0.4988968685238161,0.2,LogisticRegression
total_score_did46505,0.1,0.4,0.1,0.1,0.4372093023255814,0.9,0.0,0.1,0.8518518518518519,0.92082,0.4353677621283255,3.5,0.3055555555555556,0.3,0.1,0.6701365670212023,12.0,0.9333333333333332,7.444444444444445,0.0055632823365785,0.1,19469386.0,0.1666666666666666,206.3796940194715,4.0,0.0058408026836858,3.5,0.5799721835883171,0.0584144645340751,0.9,0.5416666666666666,0.4893598550428413,2.0,5.0,3.0,0.0027816411682892,0.4464534075104311,2.0,0.6147426981919333,1.0,0.0,0.6036803275485971,5.5,0.5833333333333334,0.0398343167019773,0.9,0.5535465924895688,0.1111111111111111,0.1,0.0186046511627906,0.0,6.0,76.997075,2.0,0.875,0.0940175709159429,0.5694444444444444,3.0,0.7117537380942931,0.1329598017270568,0.0083449235048678,0.1798480339381545,0.0852110136780823,0.3,-8.595801268071096,0.9111111111111112,DecisionTree
user-knowledge_did1508,0.2,0.8,0.2,0.2,0.1518987341772152,0.2,0.0,0.6,0.55,0.9,0.6821951219512195,2.5,0.6585365853658537,0.2,1.0,0.301201243911196,10.0,0.3,6.45,0.2952853598014888,0.2,0.0,0.1,134.83126550868485,4.0,0.0439006040718608,2.5,0.1265508684863523,0.0173697270471464,0.4,0.7560975609756098,0.6897251523844052,4.0,2.0,6.0,0.0198511166253101,0.205955334987593,4.0,0.347394540942928,5.0,0.0,0.968019138079099,3.0,0.375,0.3072101360830011,0.2,0.794044665012407,0.125,0.2,0.0253164556962025,0.2,7.0,0.99,3.0,0.0571428571428571,0.1007021917564646,0.3,7.0,0.8526694750737925,0.0168979581976758,0.0223325062034739,0.0317936721833487,0.4698130297128435,0.2,0.019154469852336,0.3,MLP
vehicle_did54,0.0555555555555555,0.1666666666666666,0.0555555555555555,0.0555555555555555,0.1858736059479553,0.7222222222222222,0.5,0.0555555555555555,0.8444444444444444,12.0,0.3098459383753501,5.0,0.6,0.0555555555555555,0.0555555555555555,0.7503935508082037,17.0,0.9019607843137256,9.22962962962963,0.0602836879432624,0.1666666666666666,184.0,0.0588235294117647,226.9627659574468,6.0,0.0277836383275456,7.0,0.0260047281323877,0.0047281323877068,0.3333333333333333,0.4047619047619047,0.9872114314637708,2.0,1.0,5.0,0.0094562647754137,0.3049645390070922,2.0,0.442080378250591,6.0,0.0,0.8419912289146736,5.5,0.4047619047619047,0.1143879062036446,0.4444444444444444,0.6950354609929078,0.1428571428571428,0.0555555555555555,0.0446096654275092,0.1666666666666666,3.0,61.5,1.0,0.0063291139240506,0.0620415181136859,0.2705882352941176,7.0,0.8886049917804019,0.0292036361767615,0.1950354609929078,0.0596300940646114,0.1285555881674898,0.1666666666666666,-0.225539284165262,0.6287878787878788,LogisticRegression
vertebra-column_did1523,0.1666666666666666,0.3333333333333333,0.1666666666666666,0.3333333333333333,0.1123595505617977,0.3333333333333333,0.0,0.1666666666666666,0.1555555555555555,55.986812,0.7064516129032259,2.0,0.6774193548387096,0.1666666666666666,0.6666666666666666,0.4690079365079365,8.0,0.2666666666666666,6.444444444444445,0.0096774193548387,0.1666666666666666,70.082575,0.125,95.90483870967742,5.5,0.0348426919269239,3.0,0.0032258064516129,0.0354838709677419,0.3333333333333333,0.7096774193548387,0.4304583385821788,4.0,1.0,6.5,0.0032258064516129,0.2387096774193548,3.0,0.3806451612903225,6.5,0.125,0.756827363997998,2.0,0.7096774193548387,0.1812508288455782,0.1666666666666666,0.7612903225806451,0.1666666666666666,0.1666666666666666,0.0224719101123595,0.0,5.0,105.8743775,1.0,0.0277777777777777,0.1414386130858158,0.3870967741935484,4.0,0.7579597360890604,0.0473356645105614,0.0,0.0742579365079365,0.2638802023909514,0.1666666666666666,-0.1751272464051871,0.2666666666666666,LogisticRegression
vinnie_did860,0.5,0.5,0.5,0.5,0.1454545454545454,0.5,0.0,0.5,0.0357142857142857,3.0,0.8342105263157895,2.0,0.631578947368421,0.5,1.0,0.7263157894736842,6.0,0.0,4.964285714285714,0.1,0.5,85.0,0.1666666666666666,89.625,3.0,0.1978843160127995,6.5,0.0052631578947368,0.0236842105263157,0.5,0.7631578947368421,0.3640713457973858,2.0,1.5,6.0,0.0026315789473684,0.2,4.0,0.2421052631578947,3.0,0.0,0.7200137054308037,6.5,1.0,0.1055185318104159,0.5,0.8,0.25,0.5,0.0363636363636363,0.0,5.0,9.0,3.0,0.1818181818181818,0.1860966778269205,0.4736842105263157,6.0,0.8138266543753957,0.1037735849051054,0.0447368421052631,0.1526315789473684,0.3252429756416494,0.5,-0.1051382831965819,0.5,DecisionTree
visualizing_galaxy_did925,0.25,0.25,0.25,0.25,0.1621621621621621,0.25,0.1,0.25,0.4736842105263157,59.151069,0.8180871212121212,4.5,0.6875,0.25,0.75,0.4736842105263157,9.0,0.5,5.526315789473684,0.0773993808049535,0.3333333333333333,12.5,0.3333333333333333,74.18885448916409,2.0,0.1906382734217748,1.5,0.0247678018575851,0.0216718266253869,0.75,0.40625,0.5394386277144776,4.0,2.5,5.0,0.0247678018575851,0.0650154798761609,4.0,0.1021671826625387,6.0,0.0,0.7978154520188914,2.5,1.0,0.1296798512963872,0.25,0.934984520123839,0.125,0.25,0.054054054054054,0.0,2.0,103.5482075,4.5,0.0833333333333333,0.1014225679227333,0.4375,7.0,0.7932402013876527,0.0137253431118101,0.1764705882352941,0.0309597523219814,0.2532854419393262,0.25,-0.6105310730220553,0.1666666666666666,MLP
volcanoes-a1_did1527,0.6666666666666666,0.6666666666666666,0.6666666666666666,0.6666666666666666,0.1627118644067796,0.3333333333333333,0.0,0.6666666666666666,0.8716216216216216,0.422818,1.0,2.5,1.0,0.3333333333333333,0.6666666666666666,0.7445416831762921,15.0,0.6666666666666666,8.864864864864865,0.0,0.3333333333333333,16.0,0.0666666666666666,265.1476014760148,8.0,0.0001193875473399,1.5,0.9009840098400984,0.022140221402214,0.3333333333333333,0.8926380368098159,0.5020372819754644,6.5,2.5,5.0,0.9077490774907748,0.0,6.5,0.1377613776137761,6.5,0.0666666666666666,0.6436070660993053,6.5,0.9079754601226994,0.039741276611074,0.3333333333333333,0.0,0.0833333333333333,0.6666666666666666,0.0135593220338983,0.0,1.5,991.0,7.0,0.0238095238095238,0.072625926925779,0.9076923076923076,1.5,0.4265519506666127,0.1520136057779881,0.0006150061500615,0.2399690808145829,0.1176191197158154,0.3333333333333333,0.0141923545231745,0.3333333333333333,DecisionTree
wall-robot-navigation_did1525,0.5,0.5,0.5,0.5,0.0,0.5,0.0,0.0,0.5,4.505,0.7424851295493498,2.5,0.9505494505494504,0.5,1.0,0.0,3.0,0.0,2.25,0.0,0.5,0.495,0.0,1806.9468475073315,1.0,0.0010536814513254,2.0,0.001466275659824,0.0150293255131964,0.5,0.8626373626373627,0.1509538294676282,4.0,1.5,6.0,0.000183284457478,0.0119134897360703,4.0,0.0267595307917888,7.0,0.0,0.6856375436662854,4.0,0.5567765567765568,0.0894295877585692,0.0,0.9880865102639296,0.3333333333333333,0.5,0.0,0.0,4.0,4.5825,3.0,0.088235294117647,0.2580005327400437,0.5541284403669725,3.0,0.7443679159049923,0.001550713038303,0.0,0.005740154161009,0.1647875856461902,0.5,1.7478941956490144,0.5,DecisionTree
waveform_did47155,0.2857142857142857,0.1428571428571428,0.1428571428571428,0.0952380952380952,0.3036649214659686,0.2857142857142857,0.0,0.0476190476190476,0.84375,6.1158,0.48125,7.0,0.7,0.0952380952380952,0.8571428571428571,0.746236373211833,14.0,0.3142857142857143,7.822916666666667,0.32375,0.0476190476190476,-0.7136,0.1428571428571428,164.7775,4.0,0.0282597082630219,4.0,0.0175,0.0525,0.0952380952380952,0.725,1.1054186545895013,2.0,3.0,6.0,0.00875,0.2325,2.0,0.33625,5.0,0.0714285714285714,0.6801298709515308,4.5,0.525,0.0565979133926549,0.1428571428571428,0.7675,0.0909090909090909,0.0952380952380952,0.0209424083769633,0.0476190476190476,5.0,8.5548,1.0,0.0158730158730158,0.0769118482512655,0.4875,7.0,0.8188039159232097,0.048907883230072,0.06,0.0624446367106495,0.1242457501372249,0.0952380952380952,-0.3125263846115201,0.4393939393939394,LogisticRegression
wdbc_did1510,0.0333333333333333,0.1666666666666666,0.0333333333333333,0.0333333333333333,0.1860465116279069,0.9,0.2,0.0333333333333333,0.2727272727272727,0.028945,0.8506892230576442,6.5,0.8421052631578947,0.1666666666666666,0.0333333333333333,0.4833040421792619,7.0,0.9954022988505749,4.954545454545454,0.18804920913884,0.5384615384615384,185.2,0.1428571428571428,84.26603690685413,3.0,0.077739249991934,5.0,0.4270650263620387,0.1546572934973638,0.8666666666666667,0.8771929824561403,0.953017351775511,2.0,1.0,6.0,0.0105448154657293,0.0492091388400703,2.0,0.0738137082601054,5.0,0.1428571428571428,0.8799571923747476,3.5,0.9649122807017544,0.104074077285816,0.9,0.9507908611599296,0.2,0.0333333333333333,0.0465116279069767,0.0333333333333333,3.0,0.4670499999999999,4.0,0.0041666666666666,0.1578153644192311,0.4736842105263157,7.0,0.7101713625589045,0.0124714955157815,0.0351493848857645,0.0087873462214411,0.2256982873889457,0.1666666666666666,0.4132382672982431,0.7121212121212122,LogisticRegression
wilt_did40983,0.2,0.2,0.2,0.2,0.392156862745098,0.4,0.0,0.2,0.8181818181818182,156.508431,0.9076176787639236,3.5,0.9399585921325052,0.2,0.4,0.8493490390576566,12.0,0.7,7.12987012987013,0.0,0.2,117.210526,0.0833333333333333,246.8949163050217,4.0,0.0006503951806684,3.0,0.9460632362058276,0.1487910725356478,0.2,0.8326446280991735,0.1859947297564374,1.0,5.0,1.0,0.9460632362058276,0.0473238272370324,2.0,0.0824550526968381,7.0,0.1666666666666666,0.390823801731175,3.5,0.9462809917355371,0.0036117200226433,0.4,0.9526761727629676,0.25,0.2,0.0261437908496732,0.0,4.0,1510.833333,2.0,0.025,0.1061065217562582,0.944214876033058,1.0,0.5116103641974254,0.0213199454253147,0.0,0.0326513742508782,0.0097149032399547,0.2,-0.7503171354656338,0.7,KNN
wine_did43980,0.0909090909090909,0.3636363636363636,0.0909090909090909,0.1818181818181818,0.228646517739816,0.8181818181818182,0.0,0.0909090909090909,0.8713910761154856,0.01609,0.5176424632352941,2.5,0.5546875,0.0909090909090909,0.1818181818181818,0.9945184025058732,18.0,0.9636363636363636,10.73753280839895,0.004698512137823,0.1818181818181818,8.0,0.1666666666666666,621.6850039154268,19.0,0.0779816374430154,6.0,0.0133124510571652,0.0415035238841033,0.8181818181818182,0.3203125,0.5712546347753067,1.0,1.0,5.0,0.0007830853563038,0.2184808144087705,2.0,0.4162098668754894,4.0,0.0555555555555555,0.5402119067348086,2.5,0.6431372549019608,0.020365429157428,0.8181818181818182,0.7815191855912295,0.0714285714285714,0.0909090909090909,0.0157687253613666,0.0,2.0,1.76,4.0,0.0069930069930069,0.0619018748496536,0.37890625,6.0,0.8204531303133836,0.1565623508434123,0.0125293657008613,0.2482380579483163,0.0558423223421604,0.0909090909090909,0.0938176618117179,0.3272727272727272,DecisionTree
