Dataset,attr_ent.histogram.0,attr_ent.histogram.3,attr_ent.histogram.8,best_node.histogram.1,best_node.histogram.3.relative,best_node.histogram.4.relative,best_node.histogram.9.relative,best_node.max.relative,class_conc.histogram.0,cohesiveness.histogram.6,conceptvar.histogram.1,cor.histogram.3,elite_nn.histogram.0.relative,elite_nn.histogram.1.relative,elite_nn.histogram.2.relative,elite_nn.histogram.3,elite_nn.histogram.4.relative,elite_nn.histogram.5.relative,elite_nn.histogram.6.relative,elite_nn.histogram.9.relative,g_mean.min,hubs.histogram.1,impconceptvar.histogram.1,impconceptvar.histogram.2,impconceptvar.histogram.8,leaves_branch.histogram.1,leaves_branch.histogram.6,leaves_per_class.histogram.7,leaves_per_class.histogram.9,linear_discr.histogram.1,linear_discr.histogram.2,linear_discr.histogram.3.relative,linear_discr.histogram.4,linear_discr.histogram.5,linear_discr.histogram.6.relative,linear_discr.histogram.7,linear_discr.histogram.9.relative,linear_discr.median.relative,mut_inf.histogram.2,mut_inf.histogram.3,n4.histogram.0,naive_bayes.histogram.0,naive_bayes.histogram.9,naive_bayes.sd.relative,nodes_per_level.histogram.1,nodes_per_level.histogram.3,nodes_per_level.histogram.8,nodes_repeated.histogram.2,nodes_repeated.histogram.5,one_nn.histogram.2.relative,one_nn.histogram.6,one_nn.min.relative,random_node.histogram.2.relative,random_node.histogram.8,range.min,roy_root,sparsity.histogram.1,sparsity.histogram.3,sparsity.histogram.8,t_mean.histogram.3,tree_depth.histogram.1,tree_imbalance.histogram.2,tree_shape.histogram.6,two_itemset.max,var_importance.histogram.4,wg_dist.histogram.7,worst_node.histogram.2,worst_node.histogram.4,worst_node.histogram.7,worst_node.histogram.8,worst_node.max.relative,Best
Apple_Stock_Price_Trends_(2014-2023)_did46420,0.0555555555555555,0.0,0.0555555555555555,0.0,3.5,3.0,2.0,6.0,0.0555555555555555,0.0786963434022257,0.1915739268680445,0.0065359477124183,2.0,3.5,3.0,0.0,3.0,7.0,5.5,4.0,,0.0294117647058823,0.0453100158982511,0.0894276629570747,0.1919713831478537,0.0463980463980464,0.1465201465201465,0.0,0.3333333333333333,0.2,0.1,7.0,0.2,0.0,5.5,0.0,2.0,2.0,0.1111111111111111,0.2222222222222222,0.3513513513513513,0.1,0.8,1.0,0.0833333333333333,0.0,0.1666666666666666,0.0555555555555555,0.1111111111111111,3.0,0.1,1.5,3.0,0.4,5.742934316850079,0.0505295161972666,0.0,0.0,0.0,0.0,0.0146609651802076,0.0952380952380952,0.0073260073260073,0.1554054054054054,0.0555555555555555,0.0178855325914149,0.0,0.0,0.0,0.0,3.5,LogisticRegression
CPMP-2015-runtime-classification_did41919,0.0909090909090909,0.0909090909090909,0.0909090909090909,0.0,6.5,3.5,1.5,5.5,0.3181818181818182,0.0872865275142315,0.0455407969639468,0.0346320346320346,3.5,6.0,1.5,0.0,3.5,7.0,3.0,4.0,0.0,0.0265654648956356,0.2789373814041745,0.2258064516129032,0.0132827324478178,0.1055555555555555,0.0277777777777777,0.0,0.25,0.4,0.0,5.0,0.0,0.0,3.0,0.1,6.0,3.0,0.0454545454545454,0.0,0.4971537001897533,0.1,0.2,3.0,0.2,0.1,0.05,0.1904761904761904,0.0,6.5,0.1,2.0,4.0,0.0,0.2,0.609335428479241,0.2272727272727272,0.0,0.0,0.0454545454545454,0.0334261838440111,0.0588235294117647,0.0,1.0,0.0909090909090909,0.0588235294117647,0.2,0.2,0.0,0.0,5.5,LogisticRegression
CastMetal1_did1447,0.027027027027027,0.0,0.0,0.0,3.0,2.0,5.0,3.5,0.054054054054054,0.1192660550458715,0.0030581039755351,0.0225225225225225,6.0,4.0,6.5,0.0,4.5,6.5,3.0,2.5,0.0,0.0336391437308868,0.5657492354740061,0.0,0.0122324159021406,0.024390243902439,0.073170731707317,0.0,0.5,0.0,0.0,7.0,0.2,0.0,7.0,0.0,2.5,4.0,0.1891891891891892,0.2432432432432432,0.7767584097859327,0.1,0.1,7.0,0.1,0.2,0.1,0.0,0.0,6.5,0.1,1.5,3.0,0.3,0.42,0.3275743189109948,0.1621621621621621,0.1621621621621621,0.0,0.0,0.0246913580246913,0.0,0.0,0.8593272171253823,0.054054054054054,0.0,0.0,0.0,0.0,0.3,3.5,SVM
CostaMadre1_did1446,0.027027027027027,0.0,0.0,0.5,4.0,2.5,7.0,5.5,0.054054054054054,0.1486486486486486,0.0,0.0375375375375375,2.5,2.5,3.5,0.0,5.5,6.5,6.0,5.0,0.0,0.0405405405405405,0.5844594594594594,0.0033783783783783,0.0101351351351351,0.15625,0.125,0.0,0.5,0.0,0.2,4.0,0.1,0.2,3.0,0.3,2.0,4.0,0.1081081081081081,0.2702702702702703,0.7601351351351351,0.2,0.1,6.0,0.2222222222222222,0.1111111111111111,0.1111111111111111,0.3125,0.0,3.5,0.0,3.0,3.5,0.0,0.42,0.3591155088593607,0.1351351351351351,0.1621621621621621,0.0,0.0,0.0317460317460317,0.0,0.15625,0.8716216216216216,0.027027027027027,0.0,0.0,0.0,0.0,0.0,3.0,SVM
Creditability-German-Credit-Data_did46416,0.1,0.25,0.05,0.0,2.5,3.0,2.0,3.5,0.5,0.186,0.303,0.0263157894736842,7.0,3.5,7.0,0.2,3.0,3.0,3.0,5.0,0.0,0.012,0.361,0.214,0.078,0.173469387755102,0.0459183673469387,0.0,0.5,0.0,0.0,2.5,0.1,0.0,6.5,0.1,7.0,7.0,0.15,0.05,0.773,0.1,0.1,7.0,0.1904761904761904,0.0952380952380952,0.0476190476190476,0.2,0.15,3.5,0.0,2.0,3.5,0.0,1.0,0.3112720224931837,0.05,0.15,0.0,0.0,0.0613810741687979,0.0555555555555555,0.0714285714285714,0.949,0.1,0.026,0.0,0.0,0.0,0.0,3.5,LogisticRegression
German-Credit-Data-Creditability-2_did46482,0.1,0.25,0.05,0.0,2.5,3.0,2.0,3.5,0.5,0.186,0.303,0.0263157894736842,7.0,3.5,7.0,0.2,3.0,3.0,3.0,5.0,0.0,0.012,0.361,0.214,0.078,0.1804123711340206,0.0463917525773195,0.0,0.5,0.0,0.0,2.5,0.1,0.0,6.5,0.1,7.0,7.0,0.15,0.05,0.74,0.1,0.1,7.0,0.1904761904761904,0.0952380952380952,0.0476190476190476,0.1052631578947368,0.0,3.5,0.0,2.0,3.5,0.0,1.0,0.3112720224931837,0.05,0.15,0.0,0.0,0.0620155038759689,0.0,0.0721649484536082,0.949,0.05,0.026,0.0,0.0,0.0,0.0,3.5,LogisticRegression
Higgs_seed_0_nrows_2000_nclasses_10_ncols_100_stratify_True_did44417,0.0416666666666666,0.0,0.0833333333333333,0.0,2.5,3.0,3.0,6.0,0.75,0.262,0.0035,0.0398550724637681,6.0,4.0,4.0,0.2,3.0,2.5,3.0,3.0,,0.002,0.0,0.0005,0.1585,0.0651465798045602,0.1661237785016286,0.0,0.5,0.0,0.0,6.0,0.0,0.2,5.5,0.0,1.0,7.0,0.0416666666666666,0.0,0.6535,0.1,0.4,4.0,0.1578947368421052,0.0526315789473684,0.1578947368421052,0.125,0.2083333333333333,4.0,0.0,3.0,4.0,0.0,1.6236723065376282,0.1337364363198639,0.0,0.0416666666666666,0.0833333333333333,0.0,0.0195758564437194,0.0625,0.0,0.167,0.0,0.0,0.0,0.1,0.0,0.0,2.0,LogisticRegression
MagicTelescope_seed_0_nrows_2000_nclasses_10_ncols_100_stratify_True_did44397,0.1,0.0,0.0,0.0,5.5,5.5,5.5,6.0,0.4,0.05,0.0045,0.0888888888888888,6.5,4.0,6.0,0.0,7.0,1.5,2.0,2.0,,0.037,0.0055,0.003,0.3105,0.0568181818181818,0.1515151515151515,0.0,0.5,0.0,0.0,5.5,0.1,0.4,5.0,0.0,5.5,7.0,0.2,0.0,0.577,0.1,0.1,4.0,0.1578947368421052,0.1052631578947368,0.1052631578947368,0.0,0.2,3.0,0.3,6.0,3.0,0.1,0.6216,0.4422505552089693,0.0,0.0,0.0,0.0,0.0227703984819734,0.0,0.0,0.168,0.0,0.0015,0.0,0.0,0.0,0.0,2.0,SVM
MeanWhile1_did1449,0.054054054054054,0.054054054054054,0.1621621621621621,0.0,7.0,3.5,6.0,7.0,0.1351351351351351,0.0988142292490118,0.0,0.0495495495495495,4.0,2.5,4.0,0.2,3.5,2.5,7.0,3.5,0.0,0.0553359683794466,0.0039525691699604,0.0039525691699604,0.0158102766798418,0.0,0.25,0.0,0.5,0.0,0.0,3.0,0.3,0.1,2.0,0.3,3.5,4.0,0.054054054054054,0.054054054054054,0.8735177865612648,0.1,0.1,6.0,0.0,0.375,0.0,0.0,0.0,4.0,0.2,1.5,4.0,0.0,0.38,0.3729168481003197,0.054054054054054,0.054054054054054,0.0,0.0,0.0425531914893617,0.3333333333333333,0.1666666666666666,0.9407114624505928,0.0,0.0079051383399209,0.0,0.0,0.0,0.0,4.0,SVM
MegaWatt1_did1442,0.054054054054054,0.054054054054054,0.1621621621621621,0.0,7.0,3.5,6.0,7.0,0.1351351351351351,0.0988142292490118,0.0,0.0495495495495495,4.0,2.5,4.0,0.2,3.5,2.5,7.0,3.5,0.0,0.0553359683794466,0.0039525691699604,0.0039525691699604,0.0158102766798418,0.0,0.25,0.0,0.5,0.0,0.0,3.0,0.3,0.1,2.0,0.3,3.5,4.0,0.054054054054054,0.054054054054054,0.857707509881423,0.1,0.1,6.0,0.0,0.375,0.0,0.1428571428571428,0.0,4.0,0.2,1.5,4.0,0.0,0.38,0.3729168481003197,0.054054054054054,0.054054054054054,0.0,0.0,0.0425531914893617,0.3333333333333333,0.1666666666666666,0.9407114624505928,0.027027027027027,0.0079051383399209,0.0,0.0,0.0,0.0,4.0,SVM
PieChart1_did1451,0.081081081081081,0.027027027027027,0.1891891891891892,0.0,3.5,3.0,5.0,4.0,0.1351351351351351,0.2,0.0,0.072072072072072,4.0,4.0,4.0,0.0,3.0,2.5,4.5,4.0,0.0,0.025531914893617,0.001418439716312,0.0,0.0354609929078014,0.1041666666666666,0.0833333333333333,0.0,0.5,0.0,0.0,3.5,0.3,0.3,6.0,0.0,2.0,7.0,0.081081081081081,0.1081081081081081,0.8524822695035461,0.1,0.1,6.0,0.0,0.0,0.1428571428571428,0.28,0.08,4.0,0.1,2.0,4.0,0.0,0.5,0.3045748077834174,0.2972972972972973,0.0,0.0,0.0,0.0421052631578947,0.0,0.0,0.8226950354609929,0.054054054054054,0.001418439716312,0.0,0.0,0.0,0.0,4.0,SVM
PizzaCutter1_did1443,0.081081081081081,0.027027027027027,0.1891891891891892,0.0,3.0,7.0,2.5,5.0,0.1891891891891892,0.2118003025718608,0.0,0.0795795795795795,2.0,4.0,3.0,0.0,3.0,5.0,3.0,6.0,0.0,0.0242057488653555,0.0015128593040847,0.0,0.0287443267776096,0.0638297872340425,0.0851063829787234,0.0,0.5,0.0,0.1,3.0,0.1,0.0,3.0,0.0,5.0,7.0,0.1621621621621621,0.027027027027027,0.8835098335854765,0.1,0.1,6.0,0.0,0.0,0.1428571428571428,0.0,0.0,6.5,0.2,2.5,3.0,0.0,0.49,0.3278428799424563,0.2972972972972973,0.027027027027027,0.0,0.0,0.043010752688172,0.0769230769230769,0.0,0.8396369137670197,0.0,0.0,0.0,0.0,0.0,0.0,5.0,LogisticRegression
Pumpkin_Seeds_did46951,0.0833333333333333,0.0,0.0,0.0,5.0,6.5,3.0,6.0,0.3333333333333333,0.0404,0.0756,0.0757575757575757,2.5,6.5,5.0,0.1,3.0,6.5,1.5,6.5,0.6903323669128603,0.0444,0.01,0.0172,0.1716,0.1216730038022813,0.0418250950570342,0.0,0.5,0.0,0.0,2.0,0.0,0.2,6.5,0.1,3.0,7.0,0.1666666666666666,0.0,0.6584,0.1,0.2,5.0,0.1428571428571428,0.0,0.1904761904761904,0.0833333333333333,0.0833333333333333,5.0,0.0,3.0,7.0,0.1,0.0757999999999999,1.4485599344870363,0.0,0.0,0.0,0.0,0.0457142857142857,0.0555555555555555,0.0494296577946768,0.1652,0.0,0.0028,0.0,0.1,0.1,0.1,1.0,LogisticRegression
SPECTF_did337,0.0227272727272727,0.0454545454545454,0.2272727272727272,0.1,2.0,3.5,3.5,3.5,0.0909090909090909,0.0544412607449856,0.5214899713467048,0.1765327695560253,3.0,2.5,3.5,0.1,3.5,6.5,4.5,3.5,48.53664463007146,0.0200573065902578,0.1203438395415472,0.1117478510028653,0.0916905444126074,0.0666666666666666,0.2666666666666666,0.0,0.5,0.1,0.0,7.0,0.0,0.1,6.0,0.2,1.5,6.0,0.1136363636363636,0.2045454545454545,0.8223495702005731,0.1,0.1,5.0,0.0,0.0,0.125,0.0,0.0,3.5,0.0,5.0,3.5,0.0,41.0,0.4974359558621713,0.1136363636363636,0.1363636363636363,0.0227272727272727,0.0909090909090909,0.0338983050847457,0.0,0.0,0.3954154727793696,0.0227272727272727,0.0200573065902578,0.0,0.0,0.1,0.0,1.5,DecisionTree
Titanic_did40704,0.3333333333333333,0.0,0.0,0.1,3.0,6.0,4.0,5.0,0.6666666666666666,0.0104497955474784,0.0695138573375738,0.0,1.5,2.0,1.0,0.0,2.5,1.5,7.0,4.0,,0.0,0.6533393911858246,0.0,0.0,0.0,0.0,0.0,0.5,0.1,0.1,3.0,0.1,0.1,2.5,0.0,4.0,5.0,0.0,0.3333333333333333,0.6310767832803271,0.1,0.1,5.0,0.0,0.2,0.0,0.0,0.3333333333333333,4.5,0.0,1.0,4.5,0.0,2.441,0.2835944977516016,0.0,0.0,0.0,0.0,0.0,0.0,0.0,0.8427987278509769,0.0,0.0163562017264879,0.1,0.0,0.0,0.0,1.5,DecisionTree
air-quality-and-pollution-assessment_did46762,0.1111111111111111,0.0,0.1111111111111111,0.2,4.0,3.0,4.0,3.0,0.1111111111111111,0.0266,0.2982,0.1111111111111111,4.0,5.0,2.5,0.2,6.5,2.0,1.5,4.0,,0.0072,0.0014,0.049,0.1182,0.0859375,0.11328125,0.0,0.25,0.1,0.1,6.5,0.1,0.2,5.0,0.0,4.0,7.0,0.2222222222222222,0.1111111111111111,0.6606,0.1,0.1,1.0,0.1538461538461538,0.1153846153846153,0.0384615384615384,0.3333333333333333,0.1111111111111111,2.5,0.1,5.0,6.0,0.0,3.0700000000000003,13.975994050416226,0.0,0.1111111111111111,0.0,0.0,0.0821917808219178,0.0833333333333333,0.00390625,0.14,0.0,0.0002,0.3,0.0,0.0,0.1,2.0,DecisionTree
algerian_forest_fires_did46279,0.0769230769230769,0.0,0.0,0.0,3.5,7.0,4.5,5.5,0.3076923076923077,0.2098765432098765,0.0288065843621399,,3.0,4.0,3.5,0.0,5.0,7.0,2.5,4.5,0.0,0.0246913580246913,0.0164609053497942,0.1234567901234567,0.0493827160493827,0.0,0.0,0.0,0.5,0.0,0.0,3.5,0.0,0.0,6.0,0.1,6.0,4.0,0.0769230769230769,0.0,0.757201646090535,0.1,0.2,4.0,0.0,0.0,0.0,0.0,0.0,3.5,0.1,2.0,3.5,0.0,0.0,2.476085328645357,0.0,0.0,0.0,0.0,0.0,0.0,0.4285714285714285,0.9135802469135802,0.0,0.0288065843621399,0.0,0.0,0.2,0.2,1.0,DecisionTree
analcatdata_supreme_did728,0.4285714285714285,0.0,0.0,0.0,4.0,4.0,6.0,5.5,0.5714285714285714,0.2384007897334649,0.5029615004935835,0.0952380952380952,7.0,7.0,4.0,0.0,4.0,7.0,7.0,3.0,0.0,0.0486179664363277,0.5952615992102666,0.0,0.0612043435340572,0.0204081632653061,0.2040816326530612,0.0,0.5,0.0,0.0,4.0,0.0,0.0,3.5,0.0,6.0,6.0,0.0,0.0,0.9543435340572556,0.1,0.8,4.0,0.1818181818181818,0.0909090909090909,0.0909090909090909,0.0,0.1666666666666666,4.0,0.0,5.0,4.0,0.0,1.0,1.0003907240282468,0.1428571428571428,0.0,0.0,0.0,0.0412371134020618,0.0,0.0,0.9370681145113524,0.0,0.0157946692991115,0.0,0.0,0.8,0.0,1.5,KNN
autoUniv-au1-1000_did1547,0.05,0.05,0.05,0.0,4.0,2.5,3.0,4.0,0.65,0.183,0.376,0.0105263157894736,2.0,3.5,5.5,0.0,5.5,3.0,2.5,7.0,0.0,0.082,0.136,0.0,0.075,0.0464285714285714,0.1607142857142857,0.0,0.5,0.0,0.4,4.0,0.2,0.0,5.0,0.0,3.0,3.0,0.1,0.05,0.721,0.1,0.2,5.0,0.0714285714285714,0.1428571428571428,0.0714285714285714,0.0,0.1,5.5,0.2,2.0,2.5,0.0,1.0,0.1062214408304193,0.0,0.0,0.0,0.1,0.0071556350626118,0.1,0.0,0.838,0.25,0.055,0.0,0.0,0.0,0.0,4.0,SVM
balance-scale_did11,0.0,0.0,0.0,0.0,2.5,1.0,3.0,2.0,,0.0384,0.064,0.0,2.5,3.5,3.0,0.1,3.5,6.0,6.0,3.0,2.605171084697352,0.0304,0.4224,0.2976,0.0096,0.0372670807453416,0.1925465838509316,0.3333333333333333,0.3333333333333333,0.0,0.0,2.5,0.1,0.0,3.5,0.2,6.0,6.0,0.0,0.0,0.6656,0.1,0.5,6.0,0.1,0.0,0.0,0.0,0.0,3.0,0.2,5.0,7.0,0.0,4.0,2.092836646677763,0.0,0.0,0.0,0.0,0.0062305295950155,0.1428571428571428,0.0372670807453416,0.32,0.25,0.0512,0.0,0.3,0.0,0.0,5.0,MLP
balloon_did914,0.0,0.0,0.0,0.0,6.0,4.0,6.0,4.0,0.0,0.0,0.7271364317841079,,4.0,4.0,4.0,0.0,4.0,4.0,6.5,2.0,2.08643565858969,0.0384807596201899,0.0,0.0,0.0,0.0,0.16,0.0,0.5,0.0,0.0,2.5,0.0,0.0,5.0,0.4,2.0,6.0,0.0,0.0,0.6996501749125438,0.1,0.2,4.0,0.0,0.125,0.0,0.0,1.0,4.0,0.4,6.5,4.0,0.1,1.7799999999999998,0.4268408231742417,0.0,0.0,0.0,0.0,0.0408163265306122,0.0,0.16,,0.0,0.0,0.0,0.0,0.0,0.1,4.0,SVM
banana_did1460,0.5,0.0,0.0,0.0,2.5,5.0,3.0,3.5,0.5,0.000377358490566,0.3396226415094339,0.0,2.5,4.0,3.5,0.1,5.0,4.5,7.0,3.0,,0.0481132075471698,0.0,0.0,0.0,0.168595041322314,0.0115702479338842,0.0,0.5,0.2,0.0,7.0,0.1,0.2,3.0,0.1,3.0,2.0,0.0,0.0,0.5547169811320755,0.2,0.3,3.0,0.0571428571428571,0.0285714285714285,0.0571428571428571,0.0,0.0,3.5,0.0,7.0,3.5,0.3,5.58,0.0070277898866722,0.0,0.0,0.0,0.0,0.0711331679073614,0.0606060606060606,0.0016528925619834,0.1192452830188679,0.0,0.0052830188679245,0.0,0.1,0.4,0.1,3.5,SVM
bank-marketing_seed_0_nrows_2000_nclasses_10_ncols_100_stratify_True_did44402,0.2857142857142857,0.1428571428571428,0.0,0.0,7.0,1.0,6.0,6.0,0.4285714285714285,0.0005,0.001,0.0,3.0,3.5,3.5,0.1,3.0,7.0,1.0,7.0,,0.0235,0.001,0.0005,0.0055,0.0710659898477157,0.0583756345177665,0.0,0.5,0.1,0.0,1.5,0.4,0.2,3.5,0.0,3.0,7.0,0.0,0.0,0.5955,0.2,0.1,3.0,0.0952380952380952,0.0476190476190476,0.0476190476190476,0.1428571428571428,0.0,3.5,0.3,5.0,3.5,0.1,30.0,0.3371362691190123,0.0,0.0,0.0,0.1428571428571428,0.0304955527318932,0.1111111111111111,0.0253807106598984,0.8245,0.0,0.001,0.0,0.2,0.1,0.1,1.5,LogisticRegression
banknote-authentication_did1462,0.25,0.0,0.0,0.0,6.0,3.0,1.5,5.0,0.25,0.0087463556851311,0.1319241982507288,0.0,4.5,7.0,3.5,0.0,6.5,6.0,5.5,1.5,,0.0962099125364431,0.010204081632653,0.0524781341107871,0.0386297376093294,0.0,0.0,0.0,0.5,0.0,0.0,7.0,0.0,0.0,2.5,0.0,6.0,6.0,0.0,0.0,0.9876093294460642,0.1,0.3,6.0,0.0,0.0,0.0,0.0,0.0,3.5,0.0,7.0,3.5,0.0,10.9977,6.39932027638975,0.0,0.25,0.0,0.0,0.0377358490566037,0.4,0.074074074074074,0.1836734693877551,0.0,0.0189504373177842,0.0,0.0,0.0,0.0,1.5,KNN
blood-transfusion-service-center_did1464,0.25,0.0,0.0,0.0,2.5,2.0,5.0,3.0,0.25,0.0013368983957219,0.0040106951871657,0.0,2.0,7.0,2.5,0.2,6.0,3.0,5.5,5.0,0.0,0.0949197860962566,0.7566844919786097,0.0,0.0,0.0761421319796954,0.0862944162436548,0.0,0.5,0.0,0.3,2.5,0.4,0.0,2.5,0.1,1.5,7.0,0.0,0.0,0.6296791443850267,0.1,0.1,5.0,0.1052631578947368,0.0526315789473684,0.0526315789473684,0.25,0.0,5.5,0.1,2.0,2.5,0.0,49.0,0.1481799657533213,0.0,0.0,0.5,0.0,0.0305343511450381,0.0625,0.0304568527918781,0.3729946524064171,0.0,0.0013368983957219,0.0,0.0,0.0,0.0,3.0,LogisticRegression
bodyfat_did778,0.0714285714285714,0.0714285714285714,0.2142857142857142,0.0,2.0,2.5,6.5,6.0,0.3571428571428571,0.0396825396825396,0.0,0.0439560439560439,3.5,3.0,4.0,0.0,2.5,3.5,2.5,6.5,1.0554028255111505,0.0317460317460317,0.0,0.0039682539682539,0.2103174603174603,0.0,0.0,0.0,0.0,0.0,0.0,5.0,0.0,0.0,7.0,0.0,5.0,5.0,0.2857142857142857,0.0,0.7103174603174603,0.2,0.2,6.0,0.0,0.0,0.0,0.0,1.0,4.0,0.0,3.0,4.0,0.1,0.1139,2.2511838465324434,0.1428571428571428,0.1428571428571428,0.1428571428571428,0.1428571428571428,0.0,0.0,0.0,0.365079365079365,0.0,0.0,0.0,0.2,0.0,0.0,1.0,DecisionTree
breast-w_did15,0.1111111111111111,0.2222222222222222,0.1111111111111111,0.1,5.5,3.0,2.0,4.0,0.2222222222222222,0.0100143061516452,0.1874105865522174,0.0833333333333333,3.5,2.0,3.0,0.0,3.0,4.5,3.0,5.0,1.2546390729779842,0.0286123032904148,0.0515021459227467,0.0271816881258941,0.0,0.131578947368421,0.0526315789473684,0.0,0.5,0.1,0.0,2.5,0.0,0.0,3.0,0.4,5.0,6.5,0.0,0.0,0.698140200286123,0.1,0.2,1.0,0.0,0.0,0.2222222222222222,0.2222222222222222,0.0,6.5,0.0,5.0,6.5,0.1,9.0,5.001704158910432,0.0,0.0,0.0,0.2222222222222222,0.0266666666666666,0.0,0.131578947368421,0.8397711015736766,0.0,0.0886981402002861,0.0,0.0,0.0,0.1,3.0,KNN
california_seed_0_nrows_2000_nclasses_10_ncols_100_stratify_True_did44362,0.125,0.0,0.125,0.1,2.5,5.0,3.5,4.5,0.375,0.005,0.006,0.0357142857142857,4.5,2.0,6.5,0.1,2.5,2.5,5.0,7.0,,0.045,0.0005,0.001,0.116,0.0551181102362204,0.1771653543307086,0.0,0.0,0.0,0.0,2.5,0.3,0.2,6.5,0.1,3.5,7.0,0.0,0.0,0.6075,0.3,0.1,7.0,0.0,0.0,0.0,0.0,0.0,6.5,0.2,2.0,4.5,0.0,4.7972136222910216,0.7145111182136369,0.0,0.0,0.0,0.0,0.0236686390532544,0.0714285714285714,0.0236220472440944,0.177,0.0,0.0015,0.0,0.1,0.0,0.0,1.0,LogisticRegression
chatfield_4_did820,0.0833333333333333,0.1666666666666666,0.0,0.0,7.0,2.5,3.5,5.0,0.0833333333333333,0.0680851063829787,0.2297872340425532,0.0,3.0,7.0,3.5,0.2,2.5,6.5,3.5,3.5,0.0,0.0340425531914893,0.225531914893617,0.2170212765957447,0.025531914893617,0.0476190476190476,0.0,0.0,0.5,0.0,0.4,2.0,0.1,0.0,6.0,0.1,3.5,4.0,0.0,0.0,0.7787234042553192,0.1,0.1,3.0,0.0,0.4444444444444444,0.0,0.3333333333333333,0.0,5.5,0.2,6.0,2.0,0.2,182.3,1.4577881873854115,0.0,0.0,0.0833333333333333,0.0,0.048780487804878,0.0,0.0,0.3446808510638298,0.0,0.0297872340425531,0.2,0.1,0.0,0.2,2.0,LogisticRegression
chscase_vine2_did814,0.5,0.0,0.0,0.0,5.0,3.0,3.0,5.5,0.5,0.0427350427350427,0.3141025641025641,0.0,3.0,3.5,2.5,0.1,3.0,6.0,5.0,3.0,20.22539837028828,0.0512820512820512,0.017094017094017,0.0213675213675213,0.1068376068376068,0.0833333333333333,0.1785714285714285,0.0,0.5,0.0,0.0,2.0,0.0,0.0,6.0,0.0,7.0,1.5,0.0,0.0,0.5555555555555556,0.1,0.3,7.0,0.0,0.1538461538461538,0.0,0.0,0.0,5.5,0.4,2.5,2.5,0.0,8.0,0.0033500915403001,0.0,0.0,0.0,0.0,0.0239520958083832,0.1818181818181818,0.0833333333333333,0.3076923076923077,0.0,0.0427350427350427,0.4,0.0,0.0,0.0,5.5,DecisionTree
climate-model-simulation-crashes_did1467,0.05,0.0,0.0,0.0,3.0,4.0,6.0,4.0,0.45,0.1685185185185185,0.0,0.0,1.5,3.5,4.0,0.0,4.0,6.0,7.0,1.5,0.3653398224705235,0.0111111111111111,0.0,0.0,0.0407407407407407,0.2,0.0,0.0,0.5,0.0,0.0,7.0,0.0,0.0,6.0,0.0,3.0,5.5,0.0,0.1,0.9296296296296296,0.2,0.1,7.0,0.0,0.0,0.2,0.375,0.25,4.0,0.0,2.0,4.0,0.0,0.993941,0.2314697055413485,0.0,0.0,0.0,0.05,0.0289855072463768,0.125,0.2,0.3777777777777777,0.05,0.087037037037037,0.0,0.0,0.0,0.0,4.0,SVM
covertype_seed_0_nrows_2000_nclasses_10_ncols_100_stratify_True_did44377,0.1,0.0,0.1,0.0,3.0,4.5,4.5,4.5,0.9,0.099,0.041,0.0666666666666666,2.5,3.5,5.0,0.2,7.0,3.5,2.0,1.5,,0.0085,0.0135,0.016,0.3165,0.0416666666666666,0.1279761904761904,0.0,0.5,0.0,0.1,3.0,0.0,0.2,2.0,0.2,7.0,2.0,0.0,0.0,0.55,0.1,0.1,2.0,0.0869565217391304,0.0869565217391304,0.1304347826086956,0.1,0.0,2.5,0.0,6.0,5.0,0.0,3.2078280448913574,0.0817691885080121,0.3,0.1,0.0,0.0,0.029806259314456,0.0476190476190476,0.0089285714285714,0.2035,0.0,0.0065,0.0,0.0,0.3,0.0,1.0,MLP
credit_did44345,0.2,0.2,0.0,0.1,4.5,5.0,2.5,7.0,0.6,0.0,0.059,0.0,3.0,6.0,3.0,0.3,2.0,1.0,6.0,2.5,0.0,0.0175,0.0,0.0005,0.001,0.0972568578553615,0.1795511221945137,0.0,0.5,0.0,0.0,6.5,0.2,0.2,2.5,0.0,2.5,4.0,0.0,0.0,0.5655,0.1,0.2,1.0,0.1,0.05,0.05,0.1,0.1,7.0,0.0,1.0,6.0,0.0,8.0,0.1178544300983513,0.1,0.0,0.0,0.0,0.0149812734082397,0.0588235294117647,0.0149625935162094,0.8475,0.2,0.0,0.0,0.2,0.0,0.3,4.0,LogisticRegression
dataset_credit-g_did46532,0.1,0.15,0.05,0.0,2.5,2.0,2.0,3.5,0.85,0.213,0.161,0.0210526315789473,5.5,7.0,3.0,0.0,7.0,2.0,6.0,6.0,0.0,0.015,0.429,0.131,0.078,0.07,0.135,0.0,0.5,0.1,0.0,5.5,0.1,0.3,3.0,0.0,4.5,6.5,0.15,0.05,0.711,0.1,0.1,6.0,0.0588235294117647,0.0588235294117647,0.1176470588235294,0.1052631578947368,0.0,6.5,0.0,2.0,3.0,0.0,1.0,0.2199901845349535,0.05,0.15,0.0,0.0,0.0300751879699248,0.0714285714285714,0.04,0.986,0.1,0.043,0.0,0.0,0.0,0.0,3.5,LogisticRegression
delta_ailerons_did803,0.2,0.0,0.2,0.0,4.0,1.5,6.0,5.0,0.4,0.0,0.1240005610885117,0.0,4.0,4.0,2.0,0.0,4.5,2.5,2.0,7.0,,0.0214616355730116,0.0,0.0,0.0004208163837845,0.062730627306273,0.1734317343173431,0.0,0.5,0.0,0.0,4.0,0.1,0.0,4.0,0.3,4.5,7.0,0.2,0.2,0.7527002384626175,0.1,0.1,4.0,0.1,0.0,0.0,0.0,0.2,5.0,0.3,4.0,7.0,0.1,0.00232,2.3628407514696868,0.4,0.2,0.0,0.0,0.0110803324099723,0.1176470588235294,0.014760147601476,0.1576658717912751,0.0,0.000841632767569,0.1,0.2,0.3,0.1,1.0,SVM
depression_2020_did46876,0.05,0.05,0.0,0.0,3.5,3.0,2.5,5.0,0.95,0.0720783764870538,0.0,0.0157894736842105,2.0,7.0,3.0,0.0,3.0,7.0,6.5,5.5,0.0,0.0258922323303009,0.212036389083275,0.0,0.0,0.0711864406779661,0.0508474576271186,0.0,0.5,0.0,0.0,3.5,0.0,0.0,3.0,0.0,2.5,5.5,0.3,0.1,0.7270818754373688,0.1,0.2,5.0,0.0277777777777777,0.0555555555555555,0.1666666666666666,0.15,0.0,6.5,0.2,2.0,3.0,0.1,1.0,0.0269292695457727,0.15,0.0,0.0,0.0,0.0882852292020373,0.0,0.0,0.966410076976907,0.2,0.0748775367389783,0.0,0.0,0.0,0.1,5.0,LogisticRegression
diabetes_did37,0.125,0.0,0.0,0.0,5.0,6.5,5.0,3.5,0.375,0.01171875,0.1940104166666666,0.1785714285714285,7.0,3.0,2.0,0.0,2.0,7.0,3.0,7.0,0.0,0.0221354166666666,0.0143229166666666,0.0611979166666666,0.0104166666666666,0.0472440944881889,0.0944881889763779,0.0,0.5,0.1,0.1,5.0,0.0,0.1,1.0,0.3,2.0,7.0,0.125,0.125,0.6236979166666666,0.2,0.1,2.0,0.1538461538461538,0.1538461538461538,0.0,0.125,0.0,7.0,0.1,2.0,5.0,0.0,2.342,0.4352413964927281,0.0,0.375,0.0,0.125,0.0158102766798418,0.2,0.0472440944881889,0.5559895833333334,0.0,0.0026041666666666,0.0,0.0,0.0,0.0,1.0,LogisticRegression
disclosure_x_bias_did774,0.0,0.0,0.0,0.0,4.0,3.5,1.5,1.0,0.3333333333333333,0.0030211480362537,0.1027190332326284,0.0,4.0,4.0,6.5,0.0,3.5,6.5,1.5,7.0,9.407464065183689,0.0453172205438066,0.0,0.0,0.0030211480362537,0.0138888888888888,0.1342592592592592,0.0,0.5,0.0,0.0,4.0,0.2,0.0,4.0,0.3,4.5,7.0,0.0,0.0,0.6012084592145015,0.1,0.2,3.0,0.0588235294117647,0.0588235294117647,0.0588235294117647,0.0,0.0,6.5,0.2,7.0,3.0,0.4,17.522004,0.0245242173766701,0.0,0.0,0.0,0.0,0.0278422273781902,0.0666666666666666,0.0231481481481481,0.2447129909365558,0.0,0.0181268882175226,0.0,0.0,0.1,0.2,3.5,LogisticRegression
dummy_did45604,0.5,0.0,0.0,0.0,5.5,3.5,2.5,3.5,0.1666666666666666,0.102,0.325,0.1333333333333333,6.5,3.5,2.5,0.2,3.5,3.0,3.5,5.0,,0.004,0.367,0.032,0.027,0.1038961038961039,0.1298701298701298,0.0,0.5,0.0,0.1,2.5,0.4,0.0,7.0,0.0,2.5,7.0,0.0,0.0,0.767,0.1,0.3,2.0,0.2,0.2,0.0,0.0,0.0,5.5,0.0,5.0,2.5,0.1,109.59168126170503,1.3811827548337647,0.0,0.0,0.0,0.0,0.0130718954248366,0.0,0.1038961038961039,0.217,0.0,0.079,0.0,0.0,0.0,0.0,1.5,LogisticRegression
ecoli_did1011,0.2857142857142857,0.0,0.0,0.0,3.5,3.0,4.5,2.5,0.1428571428571428,0.0059523809523809,0.1011904761904761,0.1428571428571428,2.5,7.0,6.0,0.0,3.0,1.5,2.5,2.0,0.0,0.0327380952380952,0.0,0.0029761904761904,0.0208333333333333,0.0,0.12,0.0,0.5,0.0,0.0,3.5,0.0,0.3,2.5,0.0,6.5,7.0,0.1428571428571428,0.0,0.6934523809523809,0.2,0.1,6.0,0.0,0.0,0.0,0.0,0.0,7.0,0.3,6.0,3.0,0.2,0.5,3.4975122741319984,0.0,0.0,0.0,0.1428571428571428,0.0408163265306122,0.0,0.2,0.9732142857142856,0.0,0.0029761904761904,0.0,0.0,0.0,0.0,1.0,SVM
electricity_seed_0_nrows_2000_nclasses_10_ncols_100_stratify_True_did44372,0.2857142857142857,0.0,0.0,0.3,1.0,1.0,3.0,7.0,0.1428571428571428,0.08,0.0045,0.0476190476190476,7.0,3.0,2.5,0.1,3.5,1.0,6.0,6.5,0.0,0.032,0.0,0.0,0.3145,0.0389610389610389,0.2532467532467532,0.0,0.5,0.0,0.1,7.0,0.1,0.1,4.0,0.2,3.0,6.0,0.1428571428571428,0.0,0.5635,0.1,0.1,2.0,0.1176470588235294,0.0588235294117647,0.0588235294117647,0.1428571428571428,0.0,2.5,0.0,3.0,6.0,0.0,0.807871,0.2654075980948857,0.0,0.0,0.0,0.0,0.0195121951219512,0.0714285714285714,0.0357142857142857,0.5225,0.1428571428571428,0.0,0.1,0.2,0.0,0.2,1.0,DecisionTree
eye_movements_seed_0_nrows_2000_nclasses_10_ncols_100_stratify_True_did44423,0.05,0.0,0.25,0.1,5.0,2.5,2.5,4.5,0.45,0.157,0.041,0.0157894736842105,3.0,3.0,4.5,0.0,7.0,2.5,6.0,2.5,,0.012,0.0005,0.002,0.2465,0.0467980295566502,0.2068965517241379,0.0,0.5,0.0,0.0,7.0,0.0,0.2,2.0,0.0,6.0,4.0,0.05,0.15,0.5505,0.1,0.2,3.0,0.0869565217391304,0.0434782608695652,0.1304347826086956,0.1,0.1,4.5,0.1,7.0,6.0,0.1,0.303,0.0324917251865921,0.1,0.0,0.0,0.0,0.0271270036991368,0.0,0.0049261083743842,0.7565,0.15,0.002,0.3,0.0,0.1,0.1,1.0,LogisticRegression
football-player-position_did46764,0.0909090909090909,0.0,0.1818181818181818,0.0,3.5,3.5,6.0,3.5,0.1818181818181818,0.0124619219052893,0.0033231791747438,0.0727272727272727,3.5,3.5,3.5,0.0,6.5,6.0,1.5,2.5,0.0,0.0116311271116034,0.0024923843810578,0.01301578510108,0.1412351149266131,0.0565302144249512,0.0916179337231968,0.0,0.25,0.0,0.1,3.5,0.0,0.1,4.0,0.1,2.5,7.0,0.0909090909090909,0.0909090909090909,0.6197729160897258,0.1,0.1,4.0,0.0952380952380952,0.0952380952380952,0.0,0.0909090909090909,0.1818181818181818,3.5,0.1,5.0,3.5,0.0,0.5,3.156153941482583,0.0,0.0,0.0,0.1818181818181818,0.0234146341463414,0.1111111111111111,0.0175438596491228,0.6964829687067294,0.0909090909090909,0.0016615895873719,0.0,0.1,0.3,0.2,1.0,LogisticRegression
fri_c3_1000_25_did715,0.96,0.0,0.0,0.0,2.0,2.0,5.5,5.0,0.84,0.227,0.295,0.0,3.0,4.0,2.0,0.2,5.0,3.0,6.5,2.5,,0.0,0.032,0.107,0.054,0.0,0.1643835616438356,0.0,0.5,0.0,0.2,6.0,0.1,0.0,4.5,0.1,2.5,4.0,0.0,0.04,0.7,0.1,0.1,6.0,0.0,0.0,0.3333333333333333,0.0869565217391304,0.0,5.0,0.1,2.0,7.0,0.0,3.351572,0.2421028699144444,0.0,0.0,0.0,0.0,0.0137931034482758,0.1666666666666666,0.0,0.224,0.04,0.007,0.0,0.0,0.0,0.0,1.0,DecisionTree
glass_did1005,0.1111111111111111,0.1111111111111111,0.0,0.1,5.0,2.0,4.5,6.0,0.1111111111111111,0.0046728971962616,0.4672897196261682,0.1666666666666666,2.5,2.0,7.0,0.0,7.0,7.0,2.5,3.0,0.0,0.014018691588785,0.0327102803738317,0.0794392523364486,0.0981308411214953,0.1515151515151515,0.0,0.0,0.5,0.1,0.0,1.5,0.1,0.1,2.5,0.1,4.5,5.0,0.0,0.1111111111111111,0.6401869158878505,0.2,0.1,6.0,0.0,0.0,0.0,0.125,0.125,3.5,0.1,7.0,3.5,0.0,0.02278,0.1900585477398047,0.2222222222222222,0.1111111111111111,0.0,0.0,0.0307692307692307,0.0,0.1515151515151515,0.883177570093458,0.0,0.0046728971962616,0.0,0.0,0.0,0.0,1.5,KNN
heart-statlog_did53,0.0769230769230769,0.0769230769230769,0.0769230769230769,0.0,2.5,4.0,5.0,4.0,0.3076923076923077,0.1407407407407407,0.1518518518518518,0.0641025641025641,5.5,7.0,5.5,0.2,4.0,2.0,2.0,5.0,0.0,0.037037037037037,0.074074074074074,0.2,0.0296296296296296,0.0,0.1956521739130435,0.0,0.5,0.0,0.0,6.0,0.0,0.0,7.0,0.0,7.0,7.0,0.0,0.1538461538461538,0.6703703703703704,0.1,0.1,2.0,0.1111111111111111,0.1111111111111111,0.1111111111111111,0.0769230769230769,0.0769230769230769,2.5,0.2,2.0,2.5,0.0,1.0,1.198999567666348,0.0,0.0,0.0,0.0,0.0219780219780219,0.0,0.0,0.8444444444444444,0.0,0.0259259259259259,0.0,0.0,0.0,0.0,2.5,LogisticRegression
hepatitis_c_virus_hcv_for_egyptian_patients_did46850,0.2857142857142857,0.0,0.1071428571428571,0.0,3.5,3.0,6.0,2.0,0.0357142857142857,0.2794223826714801,0.0794223826714801,0.0,2.5,2.0,6.0,0.0,7.0,4.5,5.5,3.0,1.403988078882897,0.0064981949458483,0.0014440433212996,0.0129963898916967,0.0173285198555956,0.0215982721382289,0.0583153347732181,0.0,0.25,0.2,0.1,3.5,0.1,0.0,2.0,0.2,3.0,2.0,0.0,0.0357142857142857,0.524187725631769,0.1,0.1,4.0,0.1,0.0,0.1,0.0,0.25,4.0,0.0,3.0,4.0,0.0,1.0,0.0327023675885209,0.0714285714285714,0.0357142857142857,0.0,0.0,0.0129729729729729,0.0,0.0021598272138228,0.5292418772563177,0.1785714285714285,0.0231046931407942,0.0,0.0,0.1,0.2,3.5,LogisticRegression
house_16H_seed_0_nrows_2000_nclasses_10_ncols_100_stratify_True_did44387,0.0625,0.0,0.0,0.1,4.5,3.0,2.5,6.0,0.25,0.0135,0.1275,0.0333333333333333,5.5,4.5,5.0,0.0,3.0,6.0,4.5,2.5,0.0,0.0125,0.027,0.0085,0.124,0.0234741784037558,0.2065727699530516,0.0,0.5,0.2,0.1,1.5,0.0,0.1,2.0,0.1,5.5,7.0,0.125,0.0625,0.618,0.2,0.1,2.0,0.125,0.0,0.125,0.125,0.125,2.0,0.1,3.0,5.0,0.0,0.076923,0.5738566524961186,0.25,0.0,0.0,0.0,0.028235294117647,0.0769230769230769,0.0,0.605,0.0625,0.002,0.2,0.1,0.0,0.0,4.0,DecisionTree
ilpd-numeric_did41945,0.1,0.0,0.1,0.0,2.5,3.0,6.0,3.0,0.1,0.0034305317324185,0.0102915951972555,0.0222222222222222,1.5,3.0,2.0,0.1,3.0,6.5,6.5,3.5,0.0,0.0154373927958833,0.0514579759862778,0.4922813036020583,0.0,0.134453781512605,0.0504201680672268,0.0,0.5,0.1,0.0,2.5,0.0,0.0,3.0,0.0,3.5,7.0,0.1,0.2,0.6123499142367067,0.1,0.1,7.0,0.05,0.05,0.0,0.0,0.3,2.0,0.2,3.0,6.0,0.0,1.0,0.1365783021730012,0.0,0.0,0.0,0.0,0.050632911392405,0.0,0.0168067226890756,0.7341337907375644,0.0,0.006861063464837,0.3,0.0,0.0,0.0,3.0,LogisticRegression
ionosphere_did59,0.0588235294117647,0.0,0.4411764705882353,0.0,2.0,5.0,3.5,4.5,0.7941176470588235,0.0712250712250712,0.1481481481481481,,2.5,2.0,2.5,0.1,5.0,3.5,6.0,7.0,,0.0484330484330484,0.4928774928774929,0.1282051282051282,0.0,0.0869565217391304,0.1739130434782608,0.0,0.5,0.1,0.0,2.0,0.2,0.4,2.5,0.0,3.5,6.5,0.2647058823529412,0.2352941176470588,0.7293447293447294,0.1,0.1,2.0,0.0,0.125,0.0,0.0,0.1764705882352941,2.5,0.1,5.5,6.0,0.0,0.0,1.6315269322657058,0.0,0.0,0.0,0.0,0.0444444444444444,0.2857142857142857,0.0,0.9487179487179488,0.0,0.0284900284900284,0.1,0.0,0.0,0.0,2.0,SVM
jEdit_4.2_4.3_did1048,0.125,0.0,0.0,0.0,5.5,4.0,3.5,4.0,0.25,0.089430894308943,0.032520325203252,0.1428571428571428,7.0,2.5,6.5,0.1,1.5,5.5,6.0,3.5,0.0,0.024390243902439,0.010840108401084,0.016260162601626,0.1598915989159891,0.1359223300970873,0.116504854368932,0.0,0.5,0.2,0.0,2.0,0.2,0.3,3.0,0.1,3.5,7.0,0.0,0.0,0.5528455284552846,0.1,0.1,4.0,0.0,0.0769230769230769,0.1538461538461538,0.125,0.0,4.5,0.0,6.0,2.0,0.2,8.0,0.130713949124908,0.5,0.0,0.0,0.0,0.0195121951219512,0.0,0.1359223300970873,0.8211382113821138,0.125,0.0,0.0,0.0,0.1,0.5,1.5,KNN
jungle_chess_2pcs_raw_endgame_complete_seed_0_nrows_2000_nclasses_10_ncols_100_stratify_True_did44718,0.1666666666666666,0.0,0.0,0.1,4.5,4.5,5.0,3.5,0.1666666666666666,0.0535,0.1625,0.2,4.0,3.0,7.0,0.0,4.5,5.0,4.5,2.0,0.0,0.011,0.239,0.249,0.0135,0.0533596837944664,0.0889328063241106,0.3333333333333333,0.3333333333333333,0.0,0.0,4.5,0.2,0.0,4.5,0.2,7.0,5.0,0.3333333333333333,0.0,0.58,0.1,0.2,1.0,0.1764705882352941,0.1176470588235294,0.0588235294117647,0.0,0.0,5.0,0.0,7.0,5.0,0.0,6.0,0.375077360935407,0.0,0.3333333333333333,0.0,0.0,0.0118694362017804,0.0769230769230769,0.0,0.482,0.0,0.067,0.2,0.3,0.0,0.1,2.0,MLP
kc2_did1063,0.0952380952380952,0.0476190476190476,0.238095238095238,0.1,6.0,2.5,7.0,4.5,0.4285714285714285,0.0,0.5555555555555556,0.0238095238095238,2.5,2.0,2.5,0.0,5.5,6.0,2.0,5.0,0.0,0.0804597701149425,0.7911877394636015,0.003831417624521,0.003831417624521,0.0869565217391304,0.0434782608695652,0.0,0.5,0.1,0.1,3.0,0.0,0.2,5.5,0.2,2.5,5.0,0.0,0.0,0.8026819923371648,0.2,0.3,4.0,0.2,0.0666666666666666,0.0666666666666666,0.2857142857142857,0.0476190476190476,2.5,0.1,2.0,2.5,0.1,2.0,0.5583619631239574,0.1428571428571428,0.0476190476190476,0.0,0.0,0.0291970802919708,0.0,0.0579710144927536,0.8908045977011494,0.0476190476190476,0.003831417624521,0.1,0.1,0.0,0.1,3.0,SVM
kdd_ipums_la_97-small_seed_0_nrows_2000_nclasses_10_ncols_100_stratify_True_did44392,0.25,0.05,0.1,0.0,6.0,5.0,3.5,5.5,0.25,0.036,0.13,0.1736842105263158,3.0,3.5,3.0,0.1,1.0,4.0,6.0,3.5,,0.062,0.0785,0.001,0.1375,0.009009009009009,0.1306306306306306,0.0,0.0,0.0,0.1,1.5,0.1,0.0,7.0,0.0,7.0,6.0,0.15,0.05,0.602,0.2,0.1,5.0,0.1304347826086956,0.0434782608695652,0.0,0.05,0.05,3.0,0.0,4.5,3.0,0.0,7.0,1.0980718125964992,0.25,0.0,0.0,0.0,0.0225733634311512,0.0909090909090909,0.0,0.969,0.0,0.0065,0.2,0.3,0.0,0.2,2.0,LogisticRegression
machine_cpu_did733,0.1666666666666666,0.0,0.0,0.1,3.5,6.0,1.5,5.0,0.1666666666666666,0.0095693779904306,0.0861244019138756,0.0,6.0,3.0,7.0,0.0,2.5,3.0,2.0,4.0,0.0,0.0430622009569378,0.722488038277512,0.0,0.0,0.1875,0.1875,0.0,0.5,0.0,0.1,3.5,0.0,0.0,7.0,0.0,4.0,6.0,0.0,0.0,0.937799043062201,0.1,0.4,1.0,0.0,0.0,0.0,0.0,0.0,2.5,0.2,5.0,2.5,0.1,52.0,1.6773466081931,0.0,0.1666666666666666,0.0,0.0,0.064516129032258,0.0,0.0,0.6794258373205742,0.0,0.0047846889952153,0.0,0.0,0.0,0.2,5.0,LogisticRegression
maternal_health_risk_did46600,0.1666666666666666,0.1666666666666666,0.0,0.1,2.5,2.0,6.0,3.0,0.1666666666666666,0.0641025641025641,0.1627218934911242,0.2,6.5,5.0,3.0,0.0,4.5,6.0,4.0,4.5,8.276210915747638,0.0364891518737672,0.0177514792899408,0.0355029585798816,0.0759368836291913,0.0123456790123456,0.2407407407407407,0.0,0.3333333333333333,0.0,0.0,5.5,0.2,0.1,1.5,0.2,2.0,6.0,0.1666666666666666,0.3333333333333333,0.5029585798816568,0.1,0.1,3.0,0.1764705882352941,0.0588235294117647,0.0,0.0,0.0,6.5,0.1,7.0,3.0,0.2,5.0,0.9345690193766336,0.1666666666666666,0.1666666666666666,0.0,0.0,0.0309597523219814,0.0625,0.0,0.8402366863905325,0.0,0.004930966469428,0.0,0.0,0.0,0.1,2.0,DecisionTree
mental_health_detection_did46879,0.2857142857142857,0.0,0.0,0.1,6.0,2.5,6.5,3.0,0.0714285714285714,0.0537037037037037,0.0185185185185185,0.1318681318681318,6.0,7.0,1.5,0.0,2.5,4.0,2.5,6.5,2.263967219402642,0.0055555555555555,0.0444444444444444,0.0981481481481481,0.137037037037037,0.1935483870967742,0.032258064516129,0.0,0.5,0.0,0.4,3.0,0.1,0.0,2.5,0.1,3.0,3.5,0.0714285714285714,0.2857142857142857,0.3092592592592592,0.1,0.1,5.0,0.0,0.0,0.0,0.0,0.0,5.5,0.0,1.5,3.5,0.0,4.0,0.2141853430533813,0.0,0.0,0.0,0.0,0.0655737704918032,0.1111111111111111,0.1935483870967742,0.6814814814814815,0.0714285714285714,0.0074074074074074,0.2,0.1,0.3,0.0,1.5,DecisionTree
mfeat-morphological_did962,0.3333333333333333,0.1666666666666666,0.0,0.0,4.0,4.0,3.5,6.0,0.3333333333333333,0.1095,0.2425,0.0,4.0,4.0,4.0,0.0,4.0,3.5,4.0,3.5,0.0,0.0415,0.0,0.0,0.0005,0.0,0.0714285714285714,0.0,0.5,0.0,0.0,4.0,0.0,0.0,4.0,0.0,6.5,6.5,0.3333333333333333,0.0,0.6855,0.3,0.7,2.0,0.0,0.0,0.0,0.0,0.0,4.0,0.0,4.0,4.0,0.0,1.4157,0.6451686684082314,0.0,0.0,0.0,0.0,0.074074074074074,0.1666666666666666,0.0,0.8025,0.0,0.001,0.0,0.0,0.0,0.0,1.5,LogisticRegression
mu284_did880,0.1,0.0,0.0,0.0,3.5,2.5,5.5,5.5,0.7,0.0105633802816901,0.0,0.0222222222222222,4.5,3.5,3.0,0.0,2.5,2.5,3.0,5.5,3.73432383456905,0.0492957746478873,0.0035211267605633,0.0,0.2535211267605634,0.0,0.0,0.0,0.0,0.0,0.0,3.5,0.0,0.0,3.0,0.0,7.0,6.0,0.1,0.0,0.943661971830986,0.3,0.3,7.0,0.0,0.0,0.0,0.0,1.0,6.5,0.1,4.0,3.0,0.0,7.0,3.675591666731716,0.1,0.1,0.0,0.0,0.0,0.0,0.0,0.602112676056338,0.0,0.0,0.0,0.2,0.0,0.0,2.0,DecisionTree
mw1_did1071,0.054054054054054,0.027027027027027,0.1891891891891892,0.0,2.5,3.5,4.5,3.0,0.1621621621621621,0.0967741935483871,0.0,0.087087087087087,6.5,4.0,7.0,0.0,3.5,3.0,2.5,4.5,0.0,0.0297766749379652,0.0024813895781637,0.0024813895781637,0.0124069478908188,0.125,0.0625,0.0,0.5,0.0,0.0,5.5,0.2,0.1,6.0,0.0,2.0,5.0,0.1081081081081081,0.054054054054054,0.8734491315136477,0.1,0.1,7.0,0.0,0.1818181818181818,0.0,0.0,0.0,3.0,0.4,3.0,3.0,0.0,0.65,0.352459978491108,0.054054054054054,0.0,0.0,0.0,0.0634920634920634,0.0,0.125,0.9280397022332506,0.0,0.0049627791563275,0.0,0.0,0.0,0.0,5.0,SVM
no2_did886,0.1428571428571428,0.0,0.1428571428571428,0.1,2.5,5.5,3.0,4.0,0.1428571428571428,0.12,0.04,0.0476190476190476,6.0,3.0,2.0,0.0,5.5,5.0,3.0,3.0,,0.01,0.012,0.028,0.162,0.0598290598290598,0.0427350427350427,0.0,0.5,0.0,0.1,5.5,0.2,0.1,6.0,0.1,6.0,5.0,0.1428571428571428,0.0,0.522,0.1,0.1,5.0,0.0,0.0,0.0666666666666666,0.0,0.0,5.0,0.0,1.0,2.0,0.0,4.22141,0.0623035836905788,0.0,0.1428571428571428,0.0,0.0,0.0171673819742489,0.0,0.0341880341880341,0.37,0.0,0.028,0.3,0.0,0.0,0.1,1.5,MLP
numerai28.6_seed_0_nrows_2000_nclasses_10_ncols_100_stratify_True_did44493,0.0952380952380952,0.0952380952380952,0.0952380952380952,0.0,6.0,4.5,3.0,4.5,0.0952380952380952,0.1925,0.05,0.1952380952380952,5.0,5.5,2.5,0.0,7.0,3.5,5.0,3.0,0.329397202463543,0.0065,0.0185,0.044,0.0835,0.1505102040816326,0.0790816326530612,0.0,0.5,0.2,0.2,2.5,0.0,0.1,2.5,0.0,3.0,6.0,0.1904761904761904,0.0952380952380952,0.5805,0.1,0.1,3.0,0.1153846153846153,0.0769230769230769,0.0384615384615384,0.0,0.0,5.0,0.0,1.0,2.5,0.2,0.998727255740307,0.0221730398190441,0.0952380952380952,0.0476190476190476,0.0476190476190476,0.1428571428571428,0.0715197956577266,0.0454545454545454,0.0,0.1705,0.0952380952380952,0.041,0.0,0.0,0.2,0.1,2.0,LogisticRegression
oil_spill_did311,0.0408163265306122,0.0204081632653061,0.0408163265306122,0.0,3.0,6.0,5.0,2.5,0.979591836734694,0.0971184631803628,0.0,,7.0,7.0,5.0,0.2,7.0,3.0,5.0,1.5,,0.0405549626467449,0.0,0.0,0.0192102454642476,0.1714285714285714,0.1142857142857142,0.0,0.5,0.0,0.2,6.0,0.0,0.1,5.0,0.1,1.5,5.0,0.1836734693877551,0.0612244897959183,0.9220917822838848,0.1,0.3,7.0,0.3,0.0,0.0,0.0,0.1818181818181818,7.0,0.1,2.0,2.5,0.0,0.0,0.741339398775313,0.1224489795918367,0.0204081632653061,0.0,0.0,0.0289855072463768,0.0,0.1714285714285714,0.9957310565635006,0.0204081632653061,0.0032017075773745,0.0,0.0,0.0,0.0,2.5,LogisticRegression
pc4_did1049,0.027027027027027,0.0,0.0,0.0,2.5,2.5,5.0,3.0,0.7567567567567568,0.0603566529492455,0.0,0.1291291291291291,2.5,4.0,3.0,0.2,6.0,6.5,2.5,2.0,0.0,0.0384087791495198,0.4396433470507545,0.0006858710562414,0.0432098765432098,0.2164948453608247,0.1443298969072164,0.0,0.5,0.0,0.1,2.5,0.0,0.3,6.5,0.2,2.0,7.0,0.2702702702702703,0.1081081081081081,0.8155006858710563,0.1,0.1,7.0,0.0526315789473684,0.0526315789473684,0.0526315789473684,0.03125,0.0625,6.5,0.1,1.0,3.0,0.0,0.67,0.4765125654297045,0.0,0.027027027027027,0.0,0.0,0.0621761658031088,0.0588235294117647,0.0412371134020618,0.9643347050754458,0.0,0.0006858710562414,0.0,0.0,0.0,0.0,3.0,LogisticRegression
phoneme_did1489,0.2,0.0,0.0,0.0,5.5,3.5,6.0,6.0,0.2,0.0009252405625462,0.1152849740932642,0.0,3.0,7.0,4.0,0.0,6.0,2.0,4.5,3.0,,0.0549592894152479,0.0,0.0,0.0,0.0547169811320754,0.0716981132075471,0.0,0.5,0.0,0.1,2.5,0.2,0.3,4.5,0.1,3.0,5.0,0.0,0.0,0.6502590673575129,0.1,0.1,5.0,0.0769230769230769,0.0384615384615384,0.1538461538461538,0.0,0.0,6.0,0.0,7.0,7.0,0.0,5.426737,0.3294314695374423,0.0,0.0,0.0,0.2,0.0434372049102927,0.0,0.0037735849056603,0.2453737971872686,0.0,0.0042561065877128,0.0,0.1,0.1,0.1,2.0,KNN
pm10_did750,0.1428571428571428,0.0,0.1428571428571428,0.0,2.5,7.0,3.0,2.5,0.1428571428571428,0.108,0.152,0.1428571428571428,3.0,7.0,6.0,0.0,5.5,2.0,5.0,6.0,,0.014,0.01,0.018,0.328,0.03125,0.15625,0.0,0.5,0.0,0.1,2.5,0.1,0.3,2.5,0.1,3.0,2.0,0.0,0.1428571428571428,0.556,0.1,0.1,4.0,0.0555555555555555,0.1111111111111111,0.0,0.1428571428571428,0.1428571428571428,4.5,0.0,7.0,1.0,0.2,4.545420000000001,0.0094744259070689,0.1428571428571428,0.1428571428571428,0.0,0.0,0.0470588235294117,0.0625,0.015625,0.382,0.0,0.012,0.4,0.0,0.0,0.0,4.5,DecisionTree
pol_seed_0_nrows_2000_nclasses_10_ncols_100_stratify_True_did44382,0.3846153846153846,0.1153846153846153,0.0,0.0,6.5,3.0,3.0,4.0,0.5384615384615384,0.025,0.108,0.0523076923076923,6.0,3.0,1.5,0.1,1.0,3.5,6.0,6.5,0.0,0.0115,0.0145,0.013,0.2735,0.078125,0.234375,0.0,0.5,0.0,0.2,2.5,0.2,0.1,4.0,0.0,3.0,6.0,0.0,0.0384615384615384,0.6725,0.1,0.1,6.0,0.0833333333333333,0.0833333333333333,0.0,0.0555555555555555,0.0,3.5,0.2,7.0,3.5,0.0,34.0,1.054754849187307,0.4615384615384615,0.1538461538461538,0.0,0.0,0.0314960629921259,0.1,0.078125,0.9575,0.0,0.013,0.0,0.1,0.2,0.1,2.0,MLP
pollen_did871,0.2,0.0,0.0,0.1,7.0,5.0,2.5,5.0,0.2,0.0005197505197505,0.0155925155925155,0.1,5.5,3.0,7.0,0.0,5.0,1.0,3.0,2.5,,0.0194906444906444,0.0,0.0,0.0057172557172557,0.0409523809523809,0.0885714285714285,0.0,0.5,0.0,0.1,3.5,0.1,0.2,6.0,0.1,6.0,1.0,0.0,0.4,0.4604989604989605,0.1,0.1,4.0,0.1621621621621621,0.027027027027027,0.054054054054054,0.0,0.0,3.0,0.0,4.0,1.0,0.1,22.9064,0.0006457172530729,0.0,0.2,0.0,0.0,0.0390662220104811,0.0285714285714285,0.0038095238095238,0.1335758835758835,0.0,0.001039501039501,0.2,0.0,0.0,0.0,1.0,Perceptron
prnn_synth_did464,0.0,0.0,0.0,0.1,2.5,5.0,2.5,6.5,0.5,0.0,0.016,0.0,2.5,7.0,2.5,0.0,7.0,2.5,2.5,2.5,,0.072,0.004,0.0,0.02,0.05,0.1,0.0,0.5,0.0,0.0,7.0,0.0,0.0,5.5,0.0,6.5,5.0,0.0,0.0,0.82,0.5,0.3,2.0,0.0,0.0,0.0,0.0,0.0,2.5,0.2,4.0,6.0,0.0,1.28449127,1.0923200900099974,0.0,0.0,0.0,0.0,0.050632911392405,0.0909090909090909,0.0,0.332,0.0,0.012,0.2,0.2,0.0,0.1,1.0,SVM
pwLinear_did721,0.1,0.0,0.0,0.2,6.0,4.0,3.0,6.0,0.8,0.165,0.055,0.0888888888888888,4.0,2.0,3.0,0.0,4.0,7.0,1.5,6.5,,0.04,0.075,0.14,0.03,0.0277777777777777,0.1944444444444444,0.0,0.0,0.2,0.0,4.0,0.0,0.1,6.5,0.0,3.0,7.0,0.0,0.1,0.765,0.1,0.1,4.0,0.1111111111111111,0.2222222222222222,0.1111111111111111,0.1,0.0,3.0,0.4,7.0,7.0,0.0,2.0,1.609001231765644,0.0,0.0,0.0,0.1,0.028169014084507,0.0,0.0277777777777777,0.585,0.0,0.055,0.3,0.0,0.1,0.0,3.0,SVM
qsar-biodeg_did1494,0.2195121951219512,0.048780487804878,0.024390243902439,0.0,1.0,3.5,6.0,5.0,0.1463414634146341,0.0236966824644549,0.2113744075829383,0.073170731707317,4.0,4.0,6.0,0.2,3.5,3.0,5.0,4.5,,0.0161137440758293,0.2,0.0265402843601895,0.0587677725118483,0.0655737704918032,0.0573770491803278,0.0,0.0,0.0,0.1,2.5,0.0,0.1,5.0,0.2,2.0,7.0,0.1463414634146341,0.1707317073170731,0.5175355450236967,0.1,0.1,2.0,0.1176470588235294,0.0588235294117647,0.0588235294117647,0.09375,0.0625,2.5,0.0,6.0,6.0,0.0,0.354,0.9836257146133868,0.2439024390243902,0.024390243902439,0.0,0.0,0.0493827160493827,0.0,0.0245901639344262,0.9867298578199052,0.0,0.0028436018957345,0.0,0.0,0.0,0.0,1.0,MLP
quake_did772,0.3333333333333333,0.0,0.0,0.0,2.5,2.5,3.0,3.0,0.3333333333333333,0.0110192837465564,0.1483011937557392,0.0,7.0,3.5,5.5,0.0,2.5,2.5,6.5,6.0,,0.0280073461891643,0.0032139577594123,0.005050505050505,0.0514233241505968,0.0474254742547425,0.1476964769647696,0.0,0.5,0.0,0.2,2.5,0.1,0.1,6.5,0.0,3.0,7.0,0.0,0.3333333333333333,0.5151515151515151,0.1,0.1,5.0,0.2121212121212121,0.0909090909090909,0.0303030303030303,0.0,0.0,2.5,0.2,1.0,2.5,0.0,144.64,0.0048897839885689,0.0,0.0,0.0,0.0,0.0352542372881355,0.064516129032258,0.008130081300813,0.172635445362718,0.0,0.0110192837465564,0.0,0.0,0.2,0.1,3.0,LogisticRegression
rmftsa_sleepdata_did679,0.5,0.0,0.0,0.1,4.0,6.5,2.5,5.0,0.5,0.0048828125,0.13671875,0.0,5.5,6.0,6.5,0.2,4.5,2.0,1.0,2.5,37.12818120959033,0.0400390625,0.0,0.0,0.0,0.0221518987341772,0.1835443037974683,0.0,0.25,0.0,0.0,1.5,0.2,0.1,5.0,0.0,2.5,5.5,0.0,0.0,0.34375,0.2,0.1,5.0,0.0555555555555555,0.0555555555555555,0.1666666666666666,0.0,0.0,6.5,0.2,1.5,3.0,0.0,0.6000000000000014,0.0819469338717684,0.0,0.0,0.0,0.0,0.0158478605388272,0.0625,0.0,0.3076171875,0.0,0.0029296875,0.0,0.0,0.4,0.0,3.5,DecisionTree
seeds_did1499,0.4285714285714285,0.0,0.0,0.0,2.5,3.0,6.5,2.0,0.1428571428571428,0.1714285714285714,0.019047619047619,0.0952380952380952,3.0,4.0,4.0,0.3,3.0,7.0,7.0,1.5,0.8706762196607686,0.0476190476190476,0.0333333333333333,0.0714285714285714,0.0857142857142857,0.0,0.0,0.0,0.3333333333333333,0.0,0.0,2.5,0.0,0.0,2.5,0.0,6.5,7.0,0.0,0.0,0.9714285714285714,0.1,0.2,6.0,0.0,0.1666666666666666,0.0,0.0,0.0,4.0,0.0,6.0,4.0,0.0,0.1101999999999999,6.236768993159663,0.1428571428571428,0.1428571428571428,0.0,0.2857142857142857,0.064516129032258,0.0,0.125,0.4047619047619047,0.0,0.0333333333333333,0.0,0.1,0.0,0.2,2.0,MLP
segment_did958,0.1052631578947368,0.0,0.0,0.0,3.5,2.5,3.5,5.0,0.8947368421052632,0.2108225108225108,0.0575757575757575,,4.0,4.0,6.5,0.2,2.5,4.0,3.0,6.0,,0.0411255411255411,0.4484848484848485,0.0,0.0649350649350649,0.0,0.1666666666666666,0.0,0.5,0.0,0.1,3.5,0.1,0.0,6.0,0.0,6.0,6.0,0.0526315789473684,0.0,0.8493506493506493,0.3,0.1,7.0,0.0,0.0,0.0,0.0,0.6666666666666666,2.5,0.0,7.0,2.5,0.0,0.0,1.4940548819420836,0.0,0.0526315789473684,0.0,0.1052631578947368,0.0571428571428571,0.1666666666666666,0.0,0.9917748917748918,0.0,0.0004329004329004,0.0,0.0,0.0,0.0,1.5,LogisticRegression
seismic-bumps_did1500,0.4285714285714285,0.0,0.0,0.0,2.5,3.5,6.5,2.0,0.1428571428571428,0.1714285714285714,0.019047619047619,0.0952380952380952,3.0,4.0,4.0,0.3,3.5,7.0,6.5,1.5,0.8706762196607686,0.0476190476190476,0.0333333333333333,0.0714285714285714,0.0857142857142857,0.0,0.0,0.0,0.3333333333333333,0.0,0.0,2.5,0.0,0.0,2.5,0.0,6.5,7.0,0.0,0.0,0.9666666666666668,0.1,0.2,6.0,0.0,0.1666666666666666,0.0,0.0,1.0,4.0,0.0,6.0,4.0,0.0,0.1101999999999999,6.236768993159663,0.1428571428571428,0.1428571428571428,0.0,0.2857142857142857,0.064516129032258,0.0,0.125,0.4047619047619047,0.0,0.0333333333333333,0.0,0.0,0.0,0.2,2.0,MLP
space_ga_did737,0.3333333333333333,0.0,0.0,0.0,1.5,6.0,5.5,5.0,0.6666666666666666,0.0025748310267138,0.0257483102671387,0.0,4.5,3.0,3.0,0.1,1.0,7.0,2.5,2.5,,0.0402317347924042,0.0,0.0003218538783392,0.0292887029288702,0.1027397260273972,0.0639269406392694,0.0,0.5,0.0,0.0,1.5,0.1,0.1,2.5,0.2,7.0,7.0,0.1666666666666666,0.0,0.5426456388799485,0.1,0.1,7.0,0.1304347826086956,0.0869565217391304,0.0434782608695652,0.1666666666666666,0.1666666666666666,3.0,0.0,2.0,3.0,0.1,3.157128,0.8530854202041511,0.0,0.1666666666666666,0.0,0.0,0.0274285714285714,0.05,0.0091324200913242,0.1435468297392983,0.1666666666666666,0.0028966849050531,0.2,0.1,0.0,0.1,2.0,DecisionTree
stock_did841,0.1111111111111111,0.1111111111111111,0.1111111111111111,0.0,2.5,3.0,7.0,4.5,0.2222222222222222,0.111578947368421,0.2284210526315789,0.0833333333333333,2.0,6.0,6.5,0.0,3.0,2.0,5.5,4.5,18.496730051723045,0.0189473684210526,0.1031578947368421,0.2273684210526315,0.1,0.0,0.25,0.0,0.5,0.0,0.0,6.0,0.1,0.0,5.5,0.0,4.5,4.5,0.1111111111111111,0.1111111111111111,0.5947368421052631,0.5,0.3,5.0,0.0909090909090909,0.0909090909090909,0.0,0.4444444444444444,0.0,3.0,0.0,5.5,3.0,0.0,12.375,1.1987793238781927,0.1111111111111111,0.2222222222222222,0.0,0.1111111111111111,0.0253164556962025,0.3,0.0,0.2463157894736842,0.0,0.0505263157894736,0.0,0.2,0.0,0.1,4.5,KNN
strikes_did770,0.1666666666666666,0.0,0.3333333333333333,0.0,4.5,6.0,6.0,4.5,0.3333333333333333,0.0384,0.0192,0.1333333333333333,1.0,2.5,2.5,0.0,2.5,7.0,3.5,1.0,,0.0288,0.0,0.0032,0.3232,0.0,0.2758620689655172,0.0,0.5,0.3,0.0,7.0,0.0,0.0,7.0,0.1,3.0,3.0,0.0,0.0,0.5584,0.3,0.1,3.0,0.1428571428571428,0.1428571428571428,0.1428571428571428,0.2,0.0,5.0,0.0,2.0,2.5,0.2,17.0,0.1565191736469935,0.1666666666666666,0.0,0.0,0.0,0.0350877192982456,0.0,0.0,0.3056,0.3333333333333333,0.0048,0.4,0.0,0.1,0.0,1.0,DecisionTree
student_lifestyle_dataset_did46752,0.1428571428571428,0.2857142857142857,0.1428571428571428,0.2,4.5,2.5,4.0,4.0,0.5714285714285714,0.164,0.259,0.0,6.0,2.5,2.5,0.0,5.5,4.5,6.5,1.5,0.0,0.009,0.2135,0.201,0.0145,0.0,0.0,0.0,0.3333333333333333,0.0,0.0,6.5,0.2,0.0,6.5,0.0,4.0,5.0,0.1428571428571428,0.1428571428571428,0.5555,0.1,0.2,3.0,0.0,0.0,0.0,0.0,0.0,6.0,0.0,1.0,2.5,0.0,1.7599999999999998,1.8503192033478435,0.0,0.1428571428571428,0.0,0.0,0.0,0.0,0.0,0.185,0.0,0.0245,0.0,0.0,0.0,0.0,2.5,DecisionTree
sylvine_seed_0_nrows_2000_nclasses_10_ncols_100_stratify_True_did44678,0.05,0.0,0.1,0.1,2.5,2.5,2.5,7.0,0.9,0.0875,0.008,0.0105263157894736,2.5,3.0,3.0,0.1,5.0,6.0,5.5,2.5,,0.006,0.0865,0.233,0.0125,0.094017094017094,0.0683760683760683,0.0,0.5,0.0,0.0,6.0,0.2,0.1,5.5,0.1,2.5,5.5,0.0,0.0,0.686,0.2,0.2,2.0,0.0909090909090909,0.0,0.0454545454545454,0.1,0.2,3.0,0.0,3.0,3.0,0.0,44.0,1.151960871010017,0.2,0.15,0.0,0.0,0.0944206008583691,0.0,0.0512820512820512,0.215,0.0,0.0115,0.0,0.3,0.0,0.0,2.0,LogisticRegression
thyroid-new_did40682,0.2,0.0,0.2,0.2,3.0,2.0,1.5,2.0,0.4,0.0046511627906976,0.0,0.2,2.5,3.0,6.5,0.0,5.0,2.5,6.5,4.0,,0.041860465116279,0.0,0.013953488372093,0.0465116279069767,0.0,0.0,0.0,0.3333333333333333,0.0,0.1,3.0,0.2,0.0,2.5,0.0,4.0,5.0,0.2,0.0,0.9813953488372092,0.2,0.5,1.0,0.0,0.0,0.0,0.0,0.0,3.0,0.2,6.0,3.0,0.0,9.8,3.839204531592141,0.2,0.0,0.0,0.0,0.0869565217391304,0.2,0.0833333333333333,0.4372093023255814,0.0,0.0232558139534883,0.0,0.1,0.3,0.0,2.0,LogisticRegression
total_score_did46505,0.0,0.0,0.0,0.0,3.0,2.5,6.0,4.0,0.4,0.0013908205841446,0.0,0.0444444444444444,2.0,3.0,7.0,0.3,2.5,4.5,6.5,3.5,,0.0361613351877607,0.0027816411682892,0.5771905424200278,0.0222531293463143,0.037037037037037,0.037037037037037,0.0,0.5,0.0,0.0,6.0,0.1,0.4,4.5,0.1,1.5,7.0,0.1,0.0,0.5173852573018081,0.1,0.1,4.0,0.25,0.0833333333333333,0.0,0.0,0.0,3.5,0.2,1.0,3.5,0.0,0.92082,0.5733906607359543,0.1,0.0,0.0,0.0,0.0186046511627906,0.0,0.037037037037037,0.2503477051460361,0.0,0.0041724617524339,0.0,0.0,0.0,0.0,4.0,DecisionTree
user-knowledge_did1508,0.2,0.0,0.2,0.1,2.0,4.0,7.0,3.0,0.8,0.0843672456575682,0.3523573200992556,0.0,3.0,4.5,6.0,0.3,4.0,6.5,3.0,2.5,0.0,0.0148883374689826,0.0347394540942928,0.086848635235732,0.0570719602977667,0.2,0.0,0.0,0.2,0.0,0.0,2.0,0.0,0.0,7.0,0.0,2.5,7.0,0.0,0.0,0.5905707196029777,0.1,0.2,5.0,0.1,0.0,0.1,0.2,0.0,3.0,0.0,5.0,3.0,0.0,0.9,14.888412927291215,0.0,0.2,0.0,0.0,0.0253164556962025,0.125,0.2,0.292803970223325,0.0,0.0248138957816377,0.2,0.0,0.0,0.0,1.0,MLP
vehicle_did54,0.1111111111111111,0.0,0.1111111111111111,0.0,2.5,4.5,5.0,4.0,0.1666666666666666,0.1643026004728132,0.1914893617021276,0.0326797385620915,2.5,3.0,1.5,0.0,7.0,5.5,3.0,7.0,0.0,0.0591016548463357,0.0130023640661938,0.0177304964539007,0.1678486997635933,0.0962962962962963,0.074074074074074,0.25,0.25,0.0,0.2,2.5,0.1,0.2,3.0,0.1,5.0,7.0,0.1666666666666666,0.1666666666666666,0.4491725768321513,0.3,0.1,6.0,0.1764705882352941,0.1176470588235294,0.1176470588235294,0.2222222222222222,0.0,6.0,0.0,6.0,3.5,0.1,12.0,2.435826672164416,0.1111111111111111,0.1666666666666666,0.0,0.1111111111111111,0.0446096654275092,0.0714285714285714,0.0666666666666666,0.458628841607565,0.1111111111111111,0.0059101654846335,0.0,0.0,0.1,0.4,3.0,LogisticRegression
vertebra-column_did1523,0.1666666666666666,0.0,0.0,0.0,1.5,3.0,6.0,3.0,0.3333333333333333,0.0032258064516129,0.0129032258064516,0.0,5.0,4.0,3.5,0.1,3.0,7.0,6.5,3.0,,0.0451612903225806,0.0032258064516129,0.0032258064516129,0.0,0.0,0.1555555555555555,0.0,0.3333333333333333,0.0,0.0,5.0,0.1,0.0,6.5,0.1,3.0,5.0,0.0,0.3333333333333333,0.7967741935483871,0.2,0.1,3.0,0.125,0.125,0.125,0.0,0.0,7.0,0.0,5.0,3.5,0.0,55.986812,1.3407563494448105,0.0,0.0,0.0,0.1666666666666666,0.0224719101123595,0.3333333333333333,0.0888888888888888,0.3419354838709677,0.0,0.0,0.0,0.0,0.4,0.1,2.0,LogisticRegression
vinnie_did860,0.5,0.0,0.0,0.1,3.0,6.0,3.0,4.0,0.5,0.0026315789473684,0.0210526315789473,0.0,2.0,2.0,3.5,0.3,2.5,2.0,6.5,6.5,0.0,0.0605263157894736,0.0052631578947368,0.0894736842105263,0.0,0.0,0.7142857142857143,0.0,0.0,0.2,0.0,3.0,0.3,0.0,3.0,0.1,3.0,5.0,0.0,0.0,0.5289473684210526,0.1,0.1,2.0,0.3333333333333333,0.1666666666666666,0.0,0.0,0.0,7.0,0.1,3.0,3.5,0.0,3.0,1.0764970551555229,0.0,0.0,0.0,0.0,0.0363636363636363,0.0,0.0,0.3868421052631579,0.0,0.0078947368421052,0.0,0.0,0.1,0.0,6.5,DecisionTree
visualizing_galaxy_did925,0.25,0.0,0.0,0.1,4.0,5.5,3.5,4.0,0.25,0.1393188854489164,0.0402476780185758,0.0,2.5,2.0,6.0,0.0,2.5,3.5,7.0,1.5,,0.0185758513931888,0.0340557275541795,0.0433436532507739,0.0588235294117647,0.0526315789473684,0.0,0.0,0.5,0.0,0.0,4.0,0.0,0.0,6.0,0.0,5.0,7.0,0.0,0.25,0.718266253869969,0.2,0.5,6.0,0.0,0.0,0.0,0.0,0.0,7.0,0.0,6.0,3.0,0.2,59.151069,1.7511035021969188,0.0,0.0,0.0,0.0,0.054054054054054,0.125,0.0,0.4148606811145511,0.0,0.0340557275541795,0.0,0.6,0.0,0.1,4.0,MLP
volcanoes-a1_did1527,0.3333333333333333,0.0,0.3333333333333333,0.0,7.0,4.0,7.0,4.5,0.6666666666666666,0.0485854858548585,0.0067650676506765,0.3333333333333333,1.5,3.5,3.0,0.0,4.0,6.5,3.0,1.5,0.4276251677022677,0.0771832718327183,0.0,0.0,0.0178351783517835,0.0945945945945946,0.1283783783783783,0.0,0.2,0.1,0.0,3.5,0.0,0.0,6.0,0.1,6.0,3.0,0.0,0.0,0.8517835178351784,0.2,0.2,5.0,0.0666666666666666,0.0666666666666666,0.0666666666666666,0.0,0.0,3.0,0.0,6.5,3.0,0.0,0.422818,0.7071548471300242,0.0,0.0,0.0,0.0,0.0135593220338983,0.0,0.0337837837837837,0.1420664206642066,0.0,0.01230012300123,0.0,0.0,0.0,0.0,1.5,DecisionTree
wall-robot-navigation_did1525,0.5,0.0,0.0,0.0,1.5,6.0,4.5,5.0,0.5,0.000183284457478,0.0236436950146627,0.0,4.0,7.0,6.5,0.2,3.0,4.0,3.0,2.0,0.6359655639436215,0.0509530791788856,0.7883064516129032,0.0,0.0,0.0,0.0,0.0,0.0,0.1,0.0,3.5,0.0,0.0,1.5,0.2,2.0,3.0,0.0,0.0,0.6699046920821115,0.1,0.1,6.0,0.0,0.0,0.0,0.0,0.0,3.0,0.2,7.0,3.0,0.0,4.505,0.8871443920305532,0.0,0.0,0.0,0.0,0.0,0.0,0.0,0.1226173020527859,0.0,0.002382697947214,0.0,0.0,0.0,0.0,1.5,DecisionTree
waveform_did47155,0.1428571428571428,0.0,0.0,0.0,2.5,3.0,4.0,4.0,0.1428571428571428,0.13125,0.06625,0.1047619047619047,4.5,4.5,6.5,0.1,3.0,2.5,2.5,4.0,,0.0125,0.07125,0.15,0.00625,0.125,0.0208333333333333,0.0,0.3333333333333333,0.0,0.0,2.5,0.0,0.2,7.0,0.0,4.0,7.0,0.0952380952380952,0.0,0.6775,0.1,0.1,6.0,0.3571428571428571,0.0714285714285714,0.0714285714285714,0.0,0.0476190476190476,2.0,0.0,5.0,2.0,0.2,6.1158,0.8607304351854171,0.0952380952380952,0.0476190476190476,0.0952380952380952,0.1904761904761904,0.0209424083769633,0.0909090909090909,0.125,0.2225,0.0476190476190476,0.04375,0.1,0.0,0.2,0.0,1.0,LogisticRegression
wdbc_did1510,0.0333333333333333,0.0,0.3,0.1,7.0,3.0,2.0,3.0,0.1666666666666666,0.0949033391915641,0.1933216168717047,0.135632183908046,3.5,6.5,3.0,0.0,3.0,7.0,5.0,5.0,0.0,0.0193321616871704,0.1634446397188049,0.3251318101933216,0.0386643233743409,0.0,0.0,0.0,0.5,0.0,0.2,3.0,0.0,0.0,1.0,0.3,2.0,6.0,0.1333333333333333,0.0333333333333333,0.7100175746924429,0.1,0.3,2.0,0.0,0.0,0.0,0.0,0.3076923076923077,3.0,0.1,4.5,3.0,0.4,0.028945,3.431144323636984,0.1666666666666666,0.0333333333333333,0.0333333333333333,0.0,0.0465116279069767,0.2,0.0909090909090909,0.2565905096660808,0.0,0.0052724077328646,0.0,0.3,0.1,0.1,5.5,LogisticRegression
wilt_did40983,0.2,0.2,0.2,0.0,3.5,3.5,5.5,3.0,0.2,0.0,0.0,0.0,3.5,3.5,3.5,0.0,7.0,6.5,3.0,3.0,0.0,0.033891299855342,0.0,0.0,0.0,0.1298701298701298,0.0649350649350649,0.0,0.5,0.0,0.0,3.5,0.0,0.0,3.0,0.0,5.5,6.0,0.0,0.2,0.9014259144451332,0.2,0.1,6.0,0.0833333333333333,0.0,0.1666666666666666,0.0,0.2,3.5,0.1,4.0,3.5,0.0,156.508431,0.1802797592558096,0.0,0.0,0.2,0.2,0.0261437908496732,0.0,0.1298701298701298,0.1260591031204794,0.0,0.0,0.0,0.0,0.0,0.0,3.0,KNN
wine_did43980,0.1818181818181818,0.0,0.2727272727272727,0.0,6.0,4.0,2.5,6.0,0.3636363636363636,0.0082223962411902,0.0853563038371182,0.1272727272727272,2.5,7.0,5.5,0.0,4.0,2.0,2.5,6.0,0.0,0.0078308535630383,0.0007830853563038,0.0027407987470634,0.0935787000783085,0.0734908136482939,0.1574803149606299,0.0,0.5,0.0,0.2,4.5,0.0,0.2,6.0,0.1,6.0,7.0,0.1818181818181818,0.0909090909090909,0.8257635082223962,0.1,0.2,7.0,0.0555555555555555,0.1111111111111111,0.1111111111111111,0.0909090909090909,0.0909090909090909,5.5,0.1,5.0,2.5,0.0,0.01609,0.4120881322321476,0.0,0.0,0.2727272727272727,0.0,0.0157687253613666,0.0,0.0,0.1938136256851997,0.0,0.0007830853563038,0.0,0.2,0.1,0.2,2.0,DecisionTree
