Dataset,Best,median.histogram.9,h_mean.histogram.9,var.histogram.0,class_conc.histogram.0,best_node.max,t_mean.histogram.9,sparsity.histogram.9,worst_node.mean.relative,tree_depth.histogram.5,range.histogram.0,max.histogram.9,leaves_homo.histogram.0,range.min,g_mean.histogram.9,random_node.histogram.8.relative,elite_nn.min.relative,one_nn.min,joint_ent.histogram.0,t4,leaves_branch.sd,f3.mean,tree_shape.sd,leaves_homo.max,cov.histogram.0,impconceptvar.histogram.3,var_importance.histogram.9,f3.min,min.max,hubs.histogram.4,leaves_homo.mean,nodes_per_level.mean,conceptvar.sd,density,mean.histogram.9,random_node.sd,worst_node.histogram.0.relative,conceptvar.mean,elite_nn.histogram.9.relative,hubs.histogram.6,naive_bayes.min,elite_nn.max.relative,elite_nn.min,naive_bayes.mean.relative,nodes_repeated.max,impconceptvar.histogram.0,n3.histogram.9,can_cor.mean,one_nn.mean.relative,f3.max,random_node.histogram.0.relative,class_conc.max,n3.histogram.0,tree_imbalance.histogram.9,tree_shape.min,naive_bayes.histogram.5,tree_depth.histogram.3,cov.histogram.9,tree_depth.histogram.1,can_cor.min,one_nn.sd.relative,g_mean.histogram.0,tree_imbalance.mean,nr_outliers,hubs.mean,l1.mean,linear_discr.histogram.2.relative,best_node.mean,naive_bayes.max,cohesiveness.histogram.5,mut_inf.histogram.9,nodes_repeated.sd
Apple_Stock_Price_Trends_(2014-2023)_did46420,LogisticRegression,0.0555555555555555,0.0909090909090909,0.9444444444444444,0.0555555555555555,0.3968253968253968,0.0555555555555555,0.0555555555555555,5.0,0.2541233964569334,0.9444444444444444,0.0555555555555555,0.9401709401709402,5.742934316850079,0.0871212121212121,6.5,1.5,0.2788844621513944,0.1111111111111111,0.0555555555555555,3.9723918945956784,0.9944518128633596,0.02201089662686,572522496.0,0.9215686274509804,0.0906200317965023,0.0555555555555555,0.993091537132988,24048300.0,0.0592209856915739,13241812.235770464,34.083333333333336,0.0359817075657191,0.9363093300293628,0.0555555555555555,0.030179756791853,7.0,0.6620228836879601,4.0,0.0329888712241653,0.3214285714285714,2.0,0.2788844621513944,7.0,83.0,0.0067567567567567,0.6740858505564388,0.1563026159295086,1.0,0.9953757225433526,4.5,0.0030939163721622,0.3259141494435612,0.0476190476190476,1.430511474609375e-06,0.0,0.1233964569334147,0.0588235294117647,0.0146609651802076,0.0932901791786476,5.0,0.7097902097902098,0.0429544676227207,5.0,0.8007252949692464,0.2272555008227339,6.5,0.3509991778916082,0.3824701195219123,0.0536565977742448,0.1111111111111111,19.3032219871442
CPMP-2015-runtime-classification_did41919,LogisticRegression,0.0454545454545454,0.0454545454545454,0.8636363636363636,0.3181818181818182,0.6981132075471698,0.0454545454545454,0.0454545454545454,7.0,0.2172701949860724,0.6818181818181818,0.0454545454545454,0.9333333333333332,0.2,0.0454545454545454,2.5,1.0,0.1698113207547169,0.0454545454545454,0.0909090909090909,3.4295743375178707,0.929248616553502,0.0580466032400594,9437184.0,0.961038961038961,0.1442125237191651,0.0454545454545454,0.8950617283950617,8.0,0.0948766603415559,295289.7539804537,8.95,0.1452491577481951,0.9211838298424976,0.0454545454545454,0.1151882497193792,3.5,0.6624184463258836,4.0,0.0303605313092979,0.2641509433962264,2.0,0.0754716981132075,6.0,26.0,0.0455407969639468,0.5654648956356736,0.4298346607605223,2.0,0.9452054794520548,7.0,0.2954983595304573,0.4345351043643263,0.0588235294117647,1.9073486328125e-05,0.0,0.1504178272980501,0.0043290043290043,0.0334261838440111,0.2696226735489291,1.0,0.7272727272727273,0.0501251239288828,10.0,0.8051445142448433,0.1437956668810816,1.5,0.4870101596516691,0.6981132075471698,0.0683111954459203,0.0909090909090909,6.881998602288783
CastMetal1_did1447,SVM,0.027027027027027,0.027027027027027,0.972972972972973,0.054054054054054,0.8787878787878788,0.027027027027027,0.027027027027027,6.5,0.0987654320987654,0.972972972972973,0.027027027027027,0.3658536585365853,0.42,0.027027027027027,5.5,3.0,0.696969696969697,0.027027027027027,0.027027027027027,2.2974004397335275,0.7584097859327217,0.1158127047587773,4198.4,0.996996996996997,0.0030581039755351,0.027027027027027,0.7584097859327217,124.02,0.1620795107033639,1523.5238095238094,4.0,0.2508561497501568,0.8391024558638674,0.027027027027027,0.0123000796747045,4.5,0.2216427301585829,2.5,0.1162079510703364,0.696969696969697,1.0,0.7272727272727273,3.0,4.0,0.308868501529052,0.1987767584097859,0.4967358469847148,2.0,0.7584097859327217,4.5,0.0208191764665162,0.8012232415902141,0.1111111111111111,0.009765625,0.0,0.074074074074074,0.0015015015015015,0.0246913580246913,0.4967358469847148,6.0,0.972972972972973,0.0945396847986481,34.0,0.5571805983772163,0.0975630821169659,3.0,0.8625,0.90625,0.1223241590214067,0.027027027027027,0.8681147322824311
CostaMadre1_did1446,SVM,0.027027027027027,0.027027027027027,0.972972972972973,0.054054054054054,0.9,0.027027027027027,0.027027027027027,6.0,0.2222222222222222,0.972972972972973,0.027027027027027,0.5,0.42,0.027027027027027,3.0,1.0,0.7241379310344828,0.027027027027027,0.027027027027027,1.590990257669732,0.7331081081081081,0.0954977396984401,1820.4444444444443,0.996996996996997,0.0,0.027027027027027,0.7331081081081081,124.02,0.1587837837837837,440.5206349206349,3.4444444444444446,0.2505395621824671,0.8397159871736143,0.027027027027027,0.0263461158382387,6.0,0.2222056883785954,5.0,0.1148648648648648,0.6896551724137931,3.0,0.5,2.0,5.0,0.2871621621621621,0.1993243243243243,0.514030509238674,3.0,0.7331081081081081,2.5,0.0230256719247266,0.8006756756756757,0.2857142857142857,0.017578125,0.2,0.1269841269841269,0.0015015015015015,0.0317460317460317,0.514030509238674,4.0,0.972972972972973,0.1201124395195203,34.0,0.5604765751113423,0.0956426783203986,7.0,0.8750574712643677,0.9333333333333332,0.1081081081081081,0.027027027027027,1.2893796958227628
Creditability-German-Credit-Data_did46416,LogisticRegression,0.05,0.05,0.95,0.5,0.7,0.05,0.15,4.0,0.1074168797953964,0.95,0.05,0.9438775510204082,1.0,0.05,2.0,3.5,0.52,0.1,0.05,3.67545210751854,0.986,0.0448223771146197,19573418.666666668,0.9947368421052633,0.002,0.05,0.986,250.0,0.108,484300.2370346544,9.285714285714286,0.1828687202161497,0.8701241241241241,0.05,0.0,2.0,0.4113732777815741,5.0,0.175,0.49,3.5,0.53,6.0,35.0,0.124,0.307,0.4872183606825404,2.0,0.986,2.0,0.0591680504890334,0.693,0.0555555555555555,1.0013580322265623e-05,0.0,0.2352941176470588,0.0052631578947368,0.0613810741687979,0.4872183606825404,4.0,0.95,0.0466077727071129,11.0,0.6863983338131597,0.1401887843506006,3.5,0.7,0.82,0.148,0.05,8.21343571934361
German-Credit-Data-Creditability-2_did46482,LogisticRegression,0.05,0.05,0.95,0.5,0.7,0.05,0.15,4.0,0.1085271317829457,0.95,0.05,0.9432989690721648,1.0,0.05,2.0,3.5,0.52,0.1,0.05,3.686245162391457,0.986,0.0450293299202816,19373689.904761903,0.9947368421052633,0.002,0.05,0.986,250.0,0.108,483335.5483899657,9.19047619047619,0.1828687202161497,0.8701241241241241,0.05,0.0,2.0,0.4113732777815741,5.0,0.175,0.49,3.5,0.53,6.0,34.0,0.124,0.307,0.4872183606825404,2.0,0.986,2.0,0.0591680504890334,0.693,0.0555555555555555,1.0013580322265623e-05,0.0,0.2325581395348837,0.0052631578947368,0.0620155038759689,0.4872183606825404,4.0,0.95,0.046536565127544,11.0,0.6863983338131597,0.1402480514994337,3.5,0.7,0.82,0.148,0.05,7.683048858759253
Higgs_seed_0_nrows_2000_nclasses_10_ncols_100_stratify_True_did44417,LogisticRegression,0.375,0.0909090909090909,0.125,0.75,0.63,0.5,0.0833333333333333,2.0,0.2088091353996737,0.0416666666666666,0.0416666666666666,0.9153094462540716,1.6236723065376282,0.0871212121212121,1.5,4.0,0.475,0.0416666666666666,0.6666666666666666,3.140026199821348,0.991,0.0345061179173453,8471390.315789474,0.717391304347826,0.0,0.0416666666666666,0.991,0.6048733592033385,0.058,327645.6030161789,16.105263157894736,0.0022562089407357,0.8992546273136568,0.5416666666666666,0.0235937844922485,3.0,0.5001707708999771,3.0,0.2125,0.535,3.0,0.51,5.0,21.0,0.0005,0.4535,0.3434541916237535,3.0,0.991,7.0,0.0105643474267068,0.5465,0.0625,3.62396240234375e-05,0.0,0.1892332789559543,0.0072463768115942,0.0195758564437194,0.3434541916237535,7.0,0.7097902097902098,0.0552642309542778,15.0,0.7813925236466406,0.1782279937718583,4.0,0.6,0.61,0.0355,0.0416666666666666,3.110291472431203
MagicTelescope_seed_0_nrows_2000_nclasses_10_ncols_100_stratify_True_did44397,SVM,0.1,0.0909090909090909,0.5,0.4,0.78,0.1,0.1,2.0,0.1859582542694497,0.3,0.2,0.8446969696969697,0.6216,0.0871212121212121,5.5,3.0,0.65,0.1,0.5,3.580554567449724,0.915,0.0435693649629454,7284843.789473684,0.7555555555555555,0.006,0.1,0.915,5.5449,0.0545,478266.2037405319,13.842105263157896,0.0245156402969916,0.8791875937968985,0.1,0.0172884033065199,3.0,0.4875873048740362,2.0,0.028,0.605,3.0,0.57,4.0,35.0,0.019,0.2445,0.553750123377256,5.0,0.915,6.5,0.0235843543391493,0.7555,0.125,3.62396240234375e-05,0.3,0.1707779886148007,0.0222222222222222,0.0227703984819734,0.553750123377256,2.0,0.7097902097902098,0.0551585860446485,8.0,0.7776010942756033,0.1527689509360312,3.0,0.724,0.705,0.025,0.1,6.429964575675705
MeanWhile1_did1449,SVM,0.027027027027027,0.027027027027027,0.972972972972973,0.1351351351351351,0.9230769230769232,0.027027027027027,0.027027027027027,6.5,0.1702127659574468,0.972972972972973,0.027027027027027,0.3333333333333333,0.38,0.027027027027027,3.0,3.5,0.68,0.054054054054054,0.027027027027027,1.6918388932104944,0.7628458498023716,0.1201265649875812,768.0,0.996996996996997,0.0118577075098814,0.027027027027027,0.7628458498023716,91.35,0.2015810276679842,280.83809523809526,2.875,0.2464561812265671,0.8244871070958028,0.027027027027027,0.0184764896723225,6.5,0.1810754606201872,3.5,0.0790513833992094,0.68,1.0,0.76,2.0,7.0,0.8932806324110671,0.1857707509881423,0.521175372103299,1.0,0.7628458498023716,6.5,0.031361942802204,0.8142292490118577,0.1666666666666666,0.03125,0.3,0.1702127659574468,0.0015015015015015,0.0425531914893617,0.521175372103299,7.0,0.972972972972973,0.1328613305114197,36.0,0.565411958971273,0.072196836413957,4.0,0.8733846153846153,0.92,0.1146245059288537,0.081081081081081,1.5984195491000022
MegaWatt1_did1442,SVM,0.027027027027027,0.027027027027027,0.972972972972973,0.1351351351351351,0.9230769230769232,0.027027027027027,0.027027027027027,6.5,0.1702127659574468,0.972972972972973,0.027027027027027,0.3333333333333333,0.38,0.027027027027027,3.0,3.5,0.68,0.054054054054054,0.027027027027027,1.6918388932104944,0.7628458498023716,0.1201265649875812,768.0,0.996996996996997,0.0118577075098814,0.027027027027027,0.7628458498023716,91.35,0.2015810276679842,280.83809523809526,2.875,0.2464561812265671,0.8244871070958028,0.027027027027027,0.0184764896723225,6.5,0.1810754606201872,3.5,0.0790513833992094,0.68,1.0,0.76,2.0,6.0,0.8932806324110671,0.1857707509881423,0.521175372103299,1.0,0.7628458498023716,6.5,0.031361942802204,0.8142292490118577,0.1666666666666666,0.03125,0.3,0.1702127659574468,0.0015015015015015,0.0425531914893617,0.521175372103299,7.0,0.972972972972973,0.1328613305114197,36.0,0.5654119589712728,0.0722782458781085,4.0,0.8733846153846153,0.92,0.1146245059288537,0.081081081081081,1.3926810257774171
PieChart1_did1451,SVM,0.027027027027027,0.027027027027027,0.972972972972973,0.1351351351351351,0.9154929577464788,0.027027027027027,0.027027027027027,7.0,0.2105263157894736,0.972972972972973,0.027027027027027,0.7916666666666666,0.5,0.027027027027027,2.5,1.0,0.7605633802816901,0.081081081081081,0.027027027027027,3.100846372678007,0.6283687943262412,0.1083633558816709,56173.71428571428,0.996996996996997,0.0,0.027027027027027,0.6283687943262412,56.15,0.1546099290780141,6904.763991563992,3.357142857142857,0.2339708969294183,0.8255037072856222,0.027027027027027,0.0087164005882144,4.0,0.1546643887088013,4.0,0.102127659574468,0.7746478873239436,1.0,0.647887323943662,3.0,5.0,0.9148936170212766,0.0907801418439716,0.4831839452193803,2.0,0.6283687943262412,4.0,0.0265284861529573,0.9092198581560283,0.0769230769230769,0.0008544921875,0.4,0.1052631578947368,0.0015015015015015,0.0421052631578947,0.4831839452193803,5.0,0.972972972972973,0.0667172636143734,34.0,0.6018961560695598,0.0611409633726309,4.0,0.9064185110663984,0.9428571428571428,0.051063829787234,0.027027027027027,1.2355835328567093
PizzaCutter1_did1443,LogisticRegression,0.027027027027027,0.027027027027027,0.972972972972973,0.1891891891891892,0.9545454545454546,0.027027027027027,0.027027027027027,7.0,0.1720430107526881,0.972972972972973,0.027027027027027,0.723404255319149,0.49,0.027027027027027,3.0,1.0,0.7878787878787878,0.081081081081081,0.027027027027027,3.154222754354677,0.6111951588502269,0.1125057257745833,55003.42857142857,0.996996996996997,0.0,0.027027027027027,0.6111951588502269,56.15,0.1558245083207261,6979.546098346097,3.2857142857142856,0.228297821978339,0.821886031265759,0.027027027027027,0.0071099999648405,4.5,0.1408675281298477,6.0,0.1164901664145234,0.7878787878787878,2.5,0.2985074626865671,3.0,4.0,0.9228441754916792,0.0892586989409984,0.4968891726810759,2.0,0.6111951588502269,6.5,0.0267015536808093,0.9107413010590016,0.1538461538461538,0.0008544921875,0.2,0.1075268817204301,0.0015015015015015,0.043010752688172,0.4968891726810759,5.0,0.972972972972973,0.0674693435306469,34.0,0.578755555469664,0.0562932410800327,6.5,0.9228855721393032,0.9848484848484848,0.0635400907715582,0.054054054054054,1.108799905049252
Pumpkin_Seeds_did46951,LogisticRegression,0.1666666666666666,0.1666666666666666,0.8333333333333334,0.3333333333333333,0.904,0.1666666666666666,0.0833333333333333,1.0,0.1714285714285714,0.8333333333333334,0.1666666666666666,0.9315589353612168,0.0757999999999999,0.1666666666666666,4.0,5.0,0.648,0.25,0.0833333333333333,3.8354085883842144,0.9516,0.0409572540078208,26264332.19047619,0.9848484848484848,0.0276,0.0833333333333333,0.9516,48366.0,0.068,872453.0567507484,12.476190476190476,0.0409917005004286,0.8576752300920368,0.1666666666666666,0.0160055545913841,5.5,0.4721017102408169,6.5,0.07,0.712,5.0,0.772,4.0,43.0,0.0032,0.1688,0.7691532244226179,3.0,0.9516,2.5,0.0498324357809246,0.8312,0.0555555555555555,1.0013580322265623e-05,0.0,0.1676190476190476,0.0151515151515151,0.0457142857142857,0.7691532244226179,7.0,0.8333333333333334,0.0471693834760716,12.0,0.7411605073454153,0.0884638978260089,2.0,0.8576,0.812,0.0264,0.25,13.570243739576496
SPECTF_did337,DecisionTree,0.0681818181818181,0.0681818181818181,0.1363636363636363,0.0909090909090909,0.8,0.0681818181818181,0.0227272727272727,3.5,0.135593220338983,0.0454545454545454,0.0227272727272727,0.2,41.0,0.0454545454545454,3.5,1.0,0.6571428571428571,0.0227272727272727,0.5454545454545454,1.7220677226460377,0.7220630372492837,0.119483611901093,960.0,0.4619450317124736,0.1862464183381088,0.0227272727272727,0.7220630372492837,40.0,0.0916905444126074,459.4095238095239,3.625,0.1877599311388496,0.8510852023844812,0.0454545454545454,0.0144384106052505,6.5,0.3987423244882588,3.5,0.0773638968481375,0.6,3.5,0.5714285714285714,5.0,2.0,0.0859598853868194,0.1346704871060172,0.5763608304509898,7.0,0.7220630372492837,6.5,0.0383478560892367,0.8653295128939829,0.2857142857142857,0.03125,0.0,0.1016949152542373,0.0021141649048625,0.0338983050847457,0.5763608304509898,7.0,0.0227272727272727,0.1250726589062148,44.0,0.6773257541331388,0.083403704662074,3.5,0.7251260504201681,0.8285714285714286,0.0716332378223495,0.0227272727272727,0.3258125936084211
Titanic_did40704,DecisionTree,0.3333333333333333,0.0909090909090909,0.3333333333333333,0.6666666666666666,0.8054298642533937,0.3333333333333333,0.6666666666666666,2.5,0.0,0.3333333333333333,0.3333333333333333,0.3076923076923077,2.441,0.0871212121212121,3.5,4.0,0.5318181818181819,0.3333333333333333,1.0,0.6887372317211945,1.0,0.0777635871135664,83.2,0.3333333333333333,0.0149931849159472,0.3333333333333333,1.0,-0.228,0.0395274875056792,51.46666666666666,2.4,0.2137442634658076,0.965453306348354,0.3333333333333333,0.0097644088355127,3.5,0.3549896691537847,4.0,0.0,0.75,5.0,0.6772727272727272,5.0,7.0,0.0236256247160381,0.2108132666969559,0.470040172366416,1.0,1.0,3.5,0.2075756630188164,0.7891867333030441,0.3333333333333333,0.15625,0.1,0.0,0.3333333333333333,0.0,0.470040172366416,7.0,0.7097902097902098,0.2454864383537333,2.0,0.8777254376852431,0.1829992576095142,4.5,0.7759975318798848,0.8,0.0,0.3333333333333333,3.0
air-quality-and-pollution-assessment_did46762,DecisionTree,0.1111111111111111,0.0909090909090909,0.8888888888888888,0.1111111111111111,0.684,0.1111111111111111,0.1111111111111111,1.0,0.2035225048923679,0.5555555555555556,0.1111111111111111,0.9375,3.0700000000000003,0.0871212121212121,3.0,4.0,0.764,0.1111111111111111,0.2222222222222222,5.139619273303208,0.5667873015873016,0.049005928769938,660764199.3846154,0.75,0.3514,0.1111111111111111,0.1036,188.0,0.1012,21588269.912102755,9.807692307692308,0.1157919162542779,0.8583538307661532,0.1111111111111111,0.014599847792205,4.0,0.6610917849835937,4.0,0.0108,0.916,4.0,0.73,6.0,36.0,0.0006,0.086,0.4882815226604826,5.0,0.8926666666666667,4.0,0.1115332583186985,0.914,0.0416666666666666,3.8743019104003917e-07,0.2,0.2387475538160469,0.0277777777777777,0.0821917808219178,0.0515746962616414,6.0,0.7097902097902098,0.0364290386888159,9.0,0.792130123247971,0.0191688085402103,5.0,0.6728000000000001,0.932,0.022,0.1111111111111111,4.847679857416329
algerian_forest_fires_did46279,DecisionTree,0.0769230769230769,0.0769230769230769,0.9230769230769232,0.3076923076923077,1.0,0.0769230769230769,0.0769230769230769,1.0,0.0,0.3846153846153846,0.0769230769230769,0.1428571428571428,0.0,0.0769230769230769,2.5,6.0,0.64,0.0769230769230769,0.2307692307692307,1.3972762620115438,0.0452674897119341,0.1288470508005519,44.8,0.7564102564102564,0.1234567901234567,0.0769230769230769,0.0452674897119341,2012.0,0.139917695473251,26.8,1.2,0.0783029565140049,0.846546270788695,0.0769230769230769,0.0282929996140475,6.5,0.4431272874323103,4.5,0.0493827160493827,0.8333333333333334,5.5,0.92,4.0,2.0,0.0164609053497942,0.0823045267489712,0.8439905600197832,2.0,0.0452674897119341,3.0,0.500000005551115,0.9176954732510288,0.25,0.15625,0.1,0.0,0.0128205128205128,0.0,0.8439905600197832,6.0,0.9230769230769232,0.190604582611146,9.0,0.7165802493068061,0.0040215918631208,3.5,0.9715,1.0,0.176954732510288,0.2307692307692307,0.5773502691896257
analcatdata_supreme_did728,KNN,0.1428571428571428,0.1428571428571428,0.8571428571428571,0.5714285714285714,1.0,0.1428571428571428,0.7142857142857143,1.5,0.1649484536082474,0.7142857142857143,0.1428571428571428,0.5714285714285714,1.0,0.1428571428571428,2.0,2.5,0.7061728395061728,0.4285714285714285,0.1428571428571428,2.004247191022377,0.5419545903257651,0.1002027988223229,9122.90909090909,0.8571428571428571,0.0,0.1428571428571428,0.5419545903257651,1953.0,0.0621915103652517,1662.9731601731603,4.363636363636363,0.2198092114393686,0.8598605684726061,0.1428571428571428,0.0006404842124186,3.5,0.3316179608838631,3.0,0.0444225074037512,0.6493827160493827,5.5,0.437037037037037,5.0,16.0,0.1651036525172754,0.0120927936821322,0.7071758352260283,7.0,0.5419545903257651,3.5,0.0640657933467039,0.9879072063178678,0.2,0.00537109375,0.0,0.1030927835051546,0.0476190476190476,0.0412371134020618,0.7071758352260283,3.0,0.8571428571428571,0.0885599239539203,4.0,0.6016537495296834,0.0249625523389803,4.0,0.9370534573982848,0.9925925925925926,0.0898321816386969,0.1428571428571428,5.215361924162119
autoUniv-au1-1000_did1547,SVM,0.55,0.0,0.05,0.65,0.75,0.05,0.0,6.0,0.3005366726296959,0.0,0.0,0.7107142857142857,1.0,0.0,3.0,1.0,0.62,0.05,0.9,1.8980141615110429,1.0,0.0304448677299968,327680.0,0.7526315789473684,0.0,0.1,1.0,0.0,0.128,35510.69659229659,19.928571428571427,0.2119912838786508,0.8872712712712713,0.05,0.0031622776601683,6.0,0.3760852120133656,7.0,0.004,0.63,2.0,0.48,3.0,22.0,0.605,0.3,0.3098739428558508,1.0,1.0,6.0,0.0196642776143252,0.7,0.3,0.0008544921875,0.2,0.0572450805008944,0.0052631578947368,0.0071556350626118,0.3098739428558508,6.0,0.0,0.0882359840527377,1.0,0.4996389616147535,0.2057188244638729,7.0,0.741,0.76,0.148,0.2,5.4238750955964665
balance-scale_did11,MLP,0.0,0.0909090909090909,0.0,0.3333333333333333,0.5873015873015873,0.0,0.0,4.0,0.0934579439252336,0.0,0.0,0.1490683229813664,4.0,0.0,2.0,2.0,0.6031746031746031,0.1339285714285714,1.0,1.4534174762429573,1.0,0.0382316648287994,16486.4,0.0,0.0768,0.25,1.0,1.0,0.0784,7467.009523809523,16.0,0.1481539564263418,0.8839589743589744,0.0,0.0424953696385442,2.5,0.4742990649659667,3.0,0.1008,0.6451612903225806,1.0,0.3333333333333333,6.0,44.0,0.1248,0.216,0.4239273511970773,5.0,1.0,6.0,0.0437559133543309,0.784,0.2857142857142857,0.009765625,0.0,0.0249221183800623,0.0,0.0062305295950155,0.0252538136138052,4.0,0.0,0.1250145716296406,0.0,0.7606490556845198,0.0656000538835185,3.0,0.4463133640552995,0.9206349206349206,0.0768,0.5,4.242640687119285
balloon_did914,SVM,0.0,0.0,0.0,0.0,0.845,0.0,0.0,2.0,0.1632653061224489,0.0,0.0,0.32,1.7799999999999998,0.0,3.5,6.5,0.6766169154228856,0.0,1.0,1.636052158907737,0.632183908045977,0.119996710838169,800.0,0.7729419703103914,0.0,0.0,0.632183908045977,0.58,0.1024487756121939,286.93333333333334,3.0,0.2264806579448637,0.9068665667166416,0.0,0.2119665675215963,4.0,0.3456532262806547,2.0,0.0754622688655672,0.4328358208955223,1.5,0.6766169154228856,7.0,24.0,0.7591204397801099,0.3378310844577711,0.5469469579640193,4.5,0.632183908045977,4.0,0.0368305893611707,0.6621689155422289,0.1666666666666666,0.03125,0.0,0.1632653061224489,0.0222222222222222,0.0408163265306122,0.5469469579640193,1.5,0.0,0.1331128000613688,1.0,0.7678096111193252,0.1089912654042737,4.0,0.7262835820895521,0.92,1.0,0.0,4.505879558463642
banana_did1460,SVM,0.5,0.0909090909090909,0.5,0.5,0.6132075471698113,0.5,0.5,3.5,0.0413564929693962,0.5,0.5,0.9818181818181818,5.58,0.0871212121212121,7.0,1.0,0.8471698113207548,0.5,1.0,5.2462736096972495,0.9958490566037737,0.0269114642701857,593932620361.1428,0.0,0.0,0.5,0.9958490566037737,-2.39,0.030188679245283,4966253417.337253,17.257142857142856,0.0499990941539225,0.888323108311643,0.5,0.0182509178111493,6.5,0.4911119229210396,3.0,0.0052830188679245,0.5830188679245283,1.0,0.4773584905660377,6.0,318.0,0.5516981132075471,0.1275471698113207,0.0835388815761972,7.0,0.9958490566037737,2.5,0.011870486121459,0.8724528301886793,0.0303030303030303,1.0186340659856794e-09,0.1,0.3110008271298594,0.0,0.0711331679073614,0.0835388815761972,1.0,0.7097902097902098,0.027728945026762,1.0,0.8489974106638649,0.309536216779537,3.5,0.5864150943396226,0.6377358490566037,0.0,0.5,22.62741699796952
bank-marketing_seed_0_nrows_2000_nclasses_10_ncols_100_stratify_True_did44402,LogisticRegression,0.1428571428571428,0.0909090909090909,0.8571428571428571,0.4285714285714285,0.765,0.1428571428571428,0.1428571428571428,2.0,0.1778907242693773,0.8571428571428571,0.1428571428571428,0.934010152284264,30.0,0.0871212121212121,5.0,3.0,0.65,0.2857142857142857,0.1428571428571428,3.5457948564861432,0.971,0.0325002292015038,39346566.0952381,0.9523809523809524,0.0,0.1428571428571428,0.971,18.0,0.0685,1323740.1078945822,18.714285714285715,0.0077976806605203,0.8896983491745873,0.1428571428571428,0.038528488738133,3.0,0.4980447026702417,7.0,0.095,0.66,3.0,0.605,6.0,91.0,0.0015,0.282,0.5021285367717784,4.0,0.971,6.5,0.0278904845177921,0.718,0.0555555555555555,1.0013580322265623e-05,0.1,0.1575603557814485,0.0476190476190476,0.0304955527318932,0.5021285367717784,1.0,0.7097902097902098,0.0488361117190981,6.0,0.7745508960328,0.151535738900865,3.5,0.7064999999999999,0.75,0.0,0.1428571428571428,35.26768384526441
banknote-authentication_did1462,KNN,0.25,0.0909090909090909,0.25,0.25,0.9051094890510948,0.25,0.25,1.5,0.1509433962264151,0.25,0.25,0.2222222222222222,10.9977,0.0871212121212121,3.0,3.0,0.9927007299270072,0.25,0.75,1.337600010905274,0.6610787172011662,0.1084128865839991,493.7142857142857,0.3333333333333333,0.0852769679300291,0.25,0.6610787172011662,-5.2861,0.1158892128279883,262.7809523809524,3.7142857142857135,0.0679674874879323,0.8534544170903747,0.25,0.0013604071883372,6.5,0.4527786106111778,1.5,0.0415451895043731,0.781021897810219,3.0,0.7153284671532847,4.0,8.0,0.0080174927113702,0.0014577259475218,0.9299744356425366,7.0,0.6610787172011662,6.5,0.0563979865358508,0.998542274052478,0.2,0.0546875,0.0,0.0,0.1666666666666666,0.0377358490566037,0.9299744356425366,3.0,0.7097902097902098,0.1611537180807404,2.0,0.6665826459860407,0.0047418868313345,3.5,0.8527557389188617,0.8905109489051095,0.0036443148688046,0.25,2.3804761428476167
blood-transfusion-service-center_did1464,LogisticRegression,0.25,0.25,0.75,0.25,0.7702702702702703,0.25,0.25,5.0,0.1577608142493638,0.75,0.25,0.9238578680203046,49.0,0.25,4.0,1.0,0.3333333333333333,0.25,0.25,3.263767863868692,0.9906417112299464,0.0471300604892024,5436038.736842105,0.6666666666666666,0.0,0.25,0.9906417112299464,250.0,0.1136363636363636,186953.8720438832,10.31578947368421,0.2236173857434586,0.8818518279893192,0.25,0.0043303261652756,6.0,0.3596590976989998,5.0,0.0548128342245989,0.68,1.0,0.3243243243243243,3.0,96.0,0.0053475935828877,0.2994652406417112,0.3592441979316585,2.0,0.9906417112299464,6.0,0.0223385369836025,0.7005347593582888,0.125,3.62396240234375e-05,0.2,0.1984732824427481,0.1666666666666666,0.0305343511450381,0.3592441979316585,7.0,0.75,0.055026971634949,3.0,0.6040925622454068,0.1922079757064093,7.0,0.762054054054054,0.8133333333333334,0.0013368983957219,0.25,32.59856847572707
bodyfat_did778,DecisionTree,0.0714285714285714,0.0714285714285714,0.7857142857142857,0.3571428571428571,1.0,0.0714285714285714,0.0714285714285714,1.0,0.0,0.5,0.0714285714285714,0.0,0.1139,0.0714285714285714,6.5,6.5,0.56,0.0714285714285714,0.1428571428571428,0.0,0.0,0.0,4.0,0.8131868131868132,0.0039682539682539,0.0714285714285714,0.0,118.5,0.0912698412698412,4.0,1.0,0.0251843305671533,0.8507873268829445,0.0714285714285714,0.1155439355913563,3.5,0.4799554359445941,6.5,0.0198412698412698,0.6,6.0,0.9615384615384616,4.0,1.0,0.0039682539682539,0.1626984126984127,0.8321176188744445,3.0,0.0,3.5,0.1968950133774749,0.8373015873015873,0.0,0.5,0.0,0.0,0.0109890109890109,0.0,0.8321176188744445,5.0,0.1428571428571428,0.5,13.0,0.7666334410069049,0.003023574268483,4.0,0.9961538461538462,0.9230769230769232,0.0119047619047619,0.0714285714285714,4.505879558463642
breast-w_did15,KNN,0.1111111111111111,0.1111111111111111,0.1111111111111111,0.2222222222222222,0.9714285714285714,0.1111111111111111,0.1111111111111111,3.0,0.1333333333333333,0.0,0.0,0.3157894736842105,9.0,0.1111111111111111,2.0,1.0,0.8714285714285714,0.1111111111111111,0.7777777777777778,1.9966187634314383,0.8812589413447782,0.1094557385272515,2161.777777777778,0.1388888888888889,0.1931330472103004,0.1111111111111111,0.8812589413447782,1.0,0.1244635193133047,886.6158730158728,4.111111111111111,0.1910129137787409,0.8148193694635398,0.1111111111111111,0.0523907987810426,3.5,0.2190821193547009,5.0,0.1015736766809728,0.9,1.0,0.6428571428571429,6.0,11.0,0.6881258941344778,0.0357653791130186,0.9128968493972848,5.0,0.8812589413447782,3.5,0.4377787913617087,0.9642346208869814,0.1428571428571428,0.017578125,0.0,0.1066666666666666,0.0833333333333333,0.0266666666666666,0.9128968493972848,3.0,0.1111111111111111,0.1187926296121114,5.0,0.6421541144378947,0.0275210888506524,3.0,0.9099378881987578,0.9857142857142858,0.0128755364806866,0.2222222222222222,2.758824226207808
california_seed_0_nrows_2000_nclasses_10_ncols_100_stratify_True_did44362,LogisticRegression,0.125,0.0909090909090909,0.875,0.375,0.79,0.125,0.125,1.0,0.272189349112426,0.875,0.125,0.9448818897637796,4.7972136222910216,0.0871212121212121,4.0,4.0,0.5,0.125,0.125,2.4328682335153813,0.9495,0.0346912680985491,1958369.8823529407,0.9285714285714286,0.003,0.125,0.9495,32.56,0.056,72258.7735558559,14.882352941176473,0.0074742132727533,0.8858459229614808,0.125,0.0291785690000193,7.0,0.4954935610004274,7.0,0.0445,0.52,3.0,0.645,3.0,39.0,0.003,0.2055,0.6455566253480386,2.0,0.9495,4.5,0.0302291840707918,0.7945,0.0714285714285714,0.0001296997070312,0.0,0.0946745562130177,0.0357142857142857,0.0236686390532544,0.6455566253480386,5.0,0.7097902097902098,0.0630871832692307,5.0,0.8167446317423703,0.1053884381246543,2.0,0.7324999999999999,0.82,0.0045,0.125,6.479362843454815
chatfield_4_did820,LogisticRegression,0.0833333333333333,0.0833333333333333,0.6666666666666666,0.0833333333333333,0.9565217391304348,0.0833333333333333,0.3333333333333333,2.0,0.1951219512195122,0.0833333333333333,0.0833333333333333,0.4761904761904761,182.3,0.0833333333333333,6.5,3.0,0.7916666666666666,0.1666666666666666,0.3333333333333333,2.052872551885702,0.3702127659574468,0.1454889916219616,1194.6666666666667,0.0454545454545454,0.1914893617021276,0.0833333333333333,0.3702127659574468,1749.0,0.0638297872340425,335.68253968253964,2.2222222222222223,0.1376088763815824,0.8497181305691944,0.0833333333333333,0.0820991805318483,3.0,0.3993029729718378,3.5,0.0340425531914893,0.782608695652174,5.0,0.6956521739130435,6.0,6.0,0.0170212765957446,0.1489361702127659,0.7701494100775547,5.0,0.3702127659574468,3.0,0.1346592498279166,0.851063829787234,0.125,0.017578125,0.1,0.0975609756097561,0.1969696969696969,0.048780487804878,0.7701494100775547,2.0,0.9166666666666666,0.1017303218282973,11.0,0.7422324187800304,0.0606980180752062,7.0,0.876449275362319,0.9583333333333334,0.0468085106382978,0.1666666666666666,1.7159383568311668
chscase_vine2_did814,DecisionTree,0.5,0.5,0.5,0.5,1.0,0.5,0.5,3.0,0.1317365269461078,0.5,0.5,0.6071428571428571,8.0,0.5,3.0,1.0,0.2765957446808511,0.5,0.5,2.5897542951478907,0.9615384615384616,0.0859769373440409,52932.92307692308,0.0,0.1004273504273504,0.5,0.9615384615384616,1983.0,0.1367521367521367,9782.291575091576,6.384615384615385,0.0661684250333228,0.8991928842035908,0.5,0.1454770174684896,3.0,0.4826553311125737,3.0,0.0854700854700854,0.4468085106382978,2.0,0.1063829787234042,7.0,63.0,0.0192307692307692,0.1367521367521367,0.057783266607999,4.0,0.9615384615384616,6.5,0.0578778246522039,0.8632478632478633,0.0909090909090909,0.0015869140625,0.1,0.1317365269461078,0.0,0.0239520958083832,0.057783266607999,4.0,0.5,0.0756083858800588,0.0,0.7109111838274171,0.3117647058823563,2.5,0.6096669750231267,1.0,0.0854700854700854,0.5,30.405591591021544
climate-model-simulation-crashes_did1467,SVM,0.05,0.05,0.9,0.45,0.925925925925926,0.05,0.05,6.0,0.0869565217391304,0.9,0.05,0.4,0.993941,0.05,3.0,1.0,0.7962962962962963,0.05,0.1,2.261478656606273,0.7944444444444444,0.1206798898661113,3584.0,0.9947368421052633,0.0,0.05,0.7944444444444444,1.0,0.1277777777777777,998.031746031746,3.4,0.2312322196617631,0.8403147117432832,0.05,0.0095629218424874,6.0,0.1527454477786151,1.5,0.2388888888888889,0.8333333333333334,2.0,0.7777777777777778,3.0,5.0,0.9148148148148147,0.1462962962962962,0.433546029582943,1.0,0.7944444444444444,6.0,0.0142245862838678,0.8537037037037037,0.125,0.009765625,0.2,0.1159420289855072,0.0052631578947368,0.0289855072463768,0.433546029582943,4.0,0.9,0.0990228381320096,0.0,0.5796211518985778,0.0784201817478535,4.0,0.9148148148148147,0.9444444444444444,0.1962962962962963,0.1,1.0878112581387147
covertype_seed_0_nrows_2000_nclasses_10_ncols_100_stratify_True_did44377,MLP,0.2,0.0909090909090909,0.2,0.9,0.705,0.2,0.1,1.0,0.1818181818181818,0.1,0.2,0.9613095238095238,3.2078280448913574,0.0871212121212121,3.0,3.0,0.62,0.1,0.8,3.759563734538661,0.922,0.0437186203895358,122546621.2173913,0.4,0.031,0.1,0.922,6.868231773376465,0.071,2388655.8700165963,14.565217391304348,0.0065838933735797,0.8970665332666333,0.2,0.0388587184554508,2.5,0.4990182749394178,1.5,0.082,0.625,6.0,0.56,6.0,48.0,0.007,0.3145,0.2749334235936999,7.0,0.922,6.5,0.0231553213549998,0.6855,0.0476190476190476,2.7418136596679688e-06,0.1,0.2205663189269746,0.0222222222222222,0.029806259314456,0.2749334235936999,7.0,0.7097902097902098,0.0427759314802357,8.0,0.8094699502554917,0.187327912647418,2.5,0.646,0.7,0.053,0.1,9.058452161134127
credit_did44345,LogisticRegression,0.1,0.1,0.9,0.6,0.755,0.1,0.2,4.0,0.212234706616729,0.8,0.1,0.9027431421446384,8.0,0.1,2.0,4.0,0.48,0.2,0.1,3.345999211475104,0.9935,0.0340880033389516,21023948.8,0.9777777777777776,0.0,0.1,0.9935,21.0,0.0405,807895.50855749,20.0,0.0057885387661474,0.8993576788394197,0.1,0.0282842712474618,3.0,0.4989545255102867,2.5,0.0375,0.495,3.0,0.56,1.0,81.0,0.005,0.4375,0.3246985355759101,2.0,0.9935,3.0,0.095106728140994,0.5625,0.1176470588235294,1.9073486328125e-05,0.4,0.114856429463171,0.0222222222222222,0.0149812734082397,0.3246985355759101,6.0,0.9,0.0524329299891207,10.0,0.8265421322475937,0.1952319289862926,3.0,0.7154999999999999,0.525,0.0005,0.1,31.742015618979767
dataset_credit-g_did46532,LogisticRegression,0.05,0.05,0.95,0.85,0.7,0.05,0.15,4.0,0.2105263157894736,0.95,0.05,0.815,1.0,0.05,3.0,1.0,0.56,0.1,0.05,3.082121406078781,0.986,0.0459818965768014,1542023.5294117648,0.9947368421052633,0.001,0.05,0.986,250.0,0.119,110375.49902646376,11.705882352941176,0.1816892945130611,0.8768368368368369,0.05,0.0,2.0,0.4154677735832602,6.0,0.235,0.64,3.5,0.55,6.0,44.0,0.14,0.309,0.4246425251402326,1.0,0.986,2.0,0.5000000055511151,0.691,0.0714285714285714,0.0001296997070312,0.0,0.0902255639097744,0.0052631578947368,0.0300751879699248,0.4246425251402326,5.0,0.95,0.0628869089338318,11.0,0.6878943680043512,0.1531213746839591,3.0,0.7,0.77,0.18,0.05,9.179496603558215
delta_ailerons_did803,SVM,0.2,0.0909090909090909,0.4,0.4,0.9453015427769986,0.2,0.2,1.0,0.2585410895660203,0.2,0.2,0.9538745387453874,0.00232,0.0871212121212121,3.0,3.0,0.8962131837307152,0.2,0.6,2.8870516008314686,0.9103661102538926,0.0269539798106881,28416409.6,0.2,0.0,0.2,0.9103661102538926,-0.0015,0.130453078973208,792029.1039181665,27.05,0.0342020965085361,0.8331043874949051,0.2,0.0122346120820974,4.0,0.4743854757518218,7.0,0.0670500771496703,0.9144460028050492,3.0,0.8457223001402524,5.0,130.0,0.0001402721279281,0.0819189227100575,0.8382316895350783,4.0,0.9103661102538926,4.0,0.042452940521109,0.9180810772899424,0.0588235294117647,1.9073486328125e-05,0.0,0.0997229916897507,0.1,0.0110803324099723,0.8382316895350783,1.0,0.7097902097902098,0.0527947592321165,5.0,0.7267384409295974,0.0663934006555997,2.0,0.9364577587972956,0.9495091164095372,0.0,0.2,20.98094373473224
depression_2020_did46876,LogisticRegression,0.25,0.2,0.55,0.95,0.8391608391608392,0.3,0.35,5.5,0.1595925297113752,0.55,0.45,0.9220338983050848,1.0,0.25,4.5,1.0,0.6923076923076923,0.05,0.45,8.828587884043998,0.986004198740378,0.0515445077270253,563117934364.4445,0.8631578947368421,0.0,0.05,0.986004198740378,325112.0,0.0580825752274317,15208959010.83799,8.166666666666666,0.2503317167379637,0.8328579857415325,0.35,0.0027228426724608,5.5,0.2761240352779106,5.5,0.0944716585024492,0.7692307692307693,2.0,0.5524475524475524,3.0,75.0,0.6214135759272218,0.2673198040587823,0.1619354828360757,2.0,0.986004198740378,5.5,0.500000005551115,0.7326801959412176,0.0294117647058823,5.238689482212067e-10,0.1,0.1426146010186757,0.0052631578947368,0.0882852292020373,0.1619354828360757,6.0,0.55,0.0244267393304871,18.0,0.6919182173084211,0.1427714457202445,3.0,0.8334531665517583,0.8391608391608392,0.1553533939818054,0.1,17.490147602518817
diabetes_did37,LogisticRegression,0.125,0.125,0.875,0.375,0.7792207792207793,0.125,0.125,2.0,0.1660079051383399,0.5,0.125,0.7401574803149606,2.342,0.125,3.0,1.0,0.5844155844155844,0.125,0.25,2.0454772066377664,0.9934895833333334,0.0580263936063918,80029.53846153847,0.8571428571428571,0.5768229166666666,0.125,0.9934895833333334,21.0,0.0768229166666666,10207.911732711736,9.692307692307692,0.1529369293174352,0.8690311277705345,0.125,0.0422379106125569,2.5,0.4443778467765442,7.0,0.08984375,0.7142857142857143,2.0,0.5454545454545454,6.0,29.0,0.0013020833333333,0.3020833333333333,0.5506842068290059,3.0,0.9934895833333334,2.5,0.030457413496615,0.6979166666666666,0.1,0.0015869140625,0.1,0.1422924901185771,0.0357142857142857,0.0158102766798418,0.5506842068290059,6.0,0.875,0.0858466200847296,8.0,0.7417449325142744,0.1473406399419553,5.0,0.7175495557074505,0.8051948051948052,0.0026041666666666,0.125,8.379396500601086
disclosure_x_bias_did774,LogisticRegression,0.3333333333333333,0.3333333333333333,0.6666666666666666,0.3333333333333333,0.5606060606060606,0.3333333333333333,0.0,2.0,0.1577726218097447,0.3333333333333333,0.3333333333333333,0.7083333333333334,17.522004,0.3333333333333333,7.0,4.0,0.3787878787878788,0.3333333333333333,0.6666666666666666,3.3526057846013284,0.9894259818731118,0.0520680580713006,1665385.4117647058,0.3333333333333333,0.0,0.3333333333333333,0.9894259818731118,5.157271,0.0830815709969788,199146.83690688392,12.647058823529411,0.0178167455954994,0.901979514696674,0.3333333333333333,0.0902647717866726,4.0,0.499188115809617,7.0,0.052870090634441,0.3333333333333333,2.0,0.3283582089552239,6.0,78.0,0.5211480362537765,0.4894259818731117,0.1547164401356869,5.0,0.9894259818731118,4.0,0.0026696527634191,0.5105740181268882,0.0666666666666666,0.0001296997070312,0.2,0.0696055684454756,0.6666666666666666,0.0278422273781902,0.1547164401356869,1.0,0.3333333333333333,0.0585639474248092,3.0,0.7026652586842649,0.168592360133946,3.0,0.4485979194934419,0.6060606060606061,0.0,0.3333333333333333,5.507570547286102
dummy_did45604,LogisticRegression,0.1666666666666666,0.0909090909090909,0.1666666666666666,0.1666666666666666,0.81,0.1666666666666666,0.0,2.0,0.1830065359477124,0.1666666666666666,0.1666666666666666,0.4545454545454545,109.59168126170503,0.0871212121212121,5.0,1.0,0.89,0.1666666666666666,1.0,1.2939472109888026,0.985,0.0490784658238538,7884.8,0.1333333333333333,0.0,0.3333333333333333,0.985,-9.72896265325841,0.11,1669.4603174603174,7.6,0.1925133145355537,0.8631511511511512,0.1666666666666666,0.046200048100023,6.5,0.3624078443373907,5.0,0.234,0.9,1.5,0.6,5.0,20.0,0.328,0.077,0.7616039876609424,6.0,0.985,4.5,0.0243368821908345,0.923,0.1428571428571428,0.009765625,0.3,0.0522875816993464,0.0666666666666666,0.0130718954248366,0.7616039876609424,4.0,0.7097902097902098,0.1192822129782564,0.0,0.6817848994919883,0.0013125907480455,5.5,0.7470000000000001,0.94,0.179,0.1666666666666666,5.988878581726855
ecoli_did1011,SVM,0.4285714285714285,0.4285714285714285,0.1428571428571428,0.1428571428571428,0.9411764705882352,0.1428571428571428,0.2857142857142857,1.0,0.2040816326530612,0.2857142857142857,0.7142857142857143,0.32,0.5,0.4285714285714285,5.0,2.0,0.8484848484848485,0.2857142857142857,0.7142857142857143,1.5198684153570663,0.4880952380952381,0.1081572838364342,800.0,0.5714285714285714,0.0119047619047619,0.1428571428571428,0.4880952380952381,0.5,0.1309523809523809,260.2285714285714,3.0,0.0546573684737793,0.827452025586354,0.1428571428571428,0.0535377110672473,6.0,0.4438134707259015,2.0,0.0029761904761904,0.4242424242424242,6.0,0.5454545454545454,2.0,7.0,0.0297619047619047,0.056547619047619,0.8818474126314496,6.0,0.4880952380952381,2.5,0.1259097643076351,0.9434523809523808,0.1666666666666666,0.03125,0.2,0.1632653061224489,0.0476190476190476,0.0408163265306122,0.8818474126314496,3.0,0.4285714285714285,0.136657236289582,4.0,0.7746113540483511,0.0305178464173775,3.0,0.8806595365418894,0.9705882352941176,0.0,0.1428571428571428,1.9235384061671343
electricity_seed_0_nrows_2000_nclasses_10_ncols_100_stratify_True_did44372,DecisionTree,0.1428571428571428,0.1428571428571428,0.2857142857142857,0.1428571428571428,0.775,0.2857142857142857,0.1428571428571428,1.0,0.2341463414634146,0.1428571428571428,0.4285714285714285,0.814935064935065,0.807871,0.2857142857142857,3.0,5.0,0.6,0.2857142857142857,0.5714285714285714,2.872312620109286,0.9485,0.0383831486504563,2374716.2352941176,0.4761904761904761,0.0005,0.1428571428571428,0.9485,0.07535,0.02,198434.35243971716,18.058823529411764,0.0183708297103539,0.9012346173086544,0.4285714285714285,0.0273861278752583,6.0,0.4940475556635953,6.5,0.0775,0.635,4.0,0.64,4.0,65.0,0.001,0.2935,0.4579746684622038,5.0,0.9485,3.0,0.0249050499237598,0.7065,0.0714285714285714,0.0001296997070312,0.3,0.0552845528455284,0.0952380952380952,0.0195121951219512,0.4579746684622038,6.0,0.5714285714285714,0.0625342871381512,5.0,0.8098213776943131,0.1568825027310605,6.0,0.7265,0.73,0.0125,0.1428571428571428,16.43602315473111
eye_movements_seed_0_nrows_2000_nclasses_10_ncols_100_stratify_True_did44423,LogisticRegression,0.05,0.0909090909090909,0.9,0.45,0.57,0.05,0.1,1.0,0.1627620221948212,0.85,0.05,0.9532019704433498,0.303,0.0871212121212121,5.0,1.0,0.52,0.05,0.1,4.120649742788485,0.997,0.0363345392388806,148077167.3043478,0.9526315789473684,0.0195,0.1,0.997,20.0,0.084,4144820.607692811,17.608695652173914,0.0026331304185874,0.8970875437718859,0.05,0.020303256443788,3.0,0.5000018396940072,2.5,0.117,0.465,2.5,0.455,3.0,35.0,0.0005,0.442,0.1773957029833103,7.0,0.997,3.0,0.0034649283852814,0.558,0.0952380952380952,2.7418136596679688e-06,0.0,0.1602959309494451,0.0052631578947368,0.0271270036991368,0.1773957029833103,6.0,0.7097902097902098,0.0426975706614837,17.0,0.7728464832206043,0.1709482793808943,2.0,0.5295000000000001,0.565,0.055,0.05,8.527818256185244
football-player-position_did46764,LogisticRegression,0.0909090909090909,0.0909090909090909,0.9090909090909092,0.1818181818181818,0.6260387811634349,0.0909090909090909,0.0909090909090909,1.0,0.2263414634146341,0.7272727272727273,0.0909090909090909,0.97270955165692,0.5,0.0909090909090909,1.5,2.0,0.5955678670360111,0.0909090909090909,0.1818181818181818,3.07338960826813,0.6385517158199522,0.0280407700905907,51230427.42857143,0.9454545454545454,0.0252007754084741,0.0909090909090909,0.2225689027561102,157.0,0.0819717529770146,943057.6789152368,24.38095238095238,0.1241831758666224,0.8867791627767111,0.0909090909090909,0.0229230680860216,7.0,0.6669246801683063,2.5,0.0628634727222376,0.7423822714681441,2.0,0.4265927977839335,6.0,99.0,0.0027693159789531,0.2082525616172805,0.7139927141259138,5.0,0.9940312213039486,3.5,0.1193157851789134,0.7917474383827194,0.0555555555555555,1.0013580322265623e-05,0.1,0.1424390243902439,0.0181818181818181,0.0234146341463414,0.5894060811189072,6.0,0.6363636363636364,0.0496186576323246,10.0,0.8039861964613382,0.0367936040901902,7.0,0.5926340276396137,0.8116343490304709,0.0027693159789531,0.1818181818181818,24.6266669947991
fri_c3_1000_25_did715,DecisionTree,0.16,0.0909090909090909,0.04,0.84,0.76,0.68,0.16,1.0,0.1655172413793103,0.88,0.04,0.1917808219178082,3.351572,0.0871212121212121,2.0,6.0,0.54,0.04,0.84,1.5132595077842872,0.971,0.0621139821908497,4152.888888888889,0.9666666666666668,0.186,0.04,0.971,-1.644647,0.016,1810.539682539683,8.0,0.0570861731828841,0.8955555555555555,0.04,0.013984117975602,6.5,0.4912434066361834,2.5,0.237,0.56,6.5,0.6,4.0,10.0,0.006,0.356,0.4414903204218179,3.0,0.971,6.5,0.0445474251197263,0.644,0.1666666666666666,0.017578125,0.1,0.0551724137931034,0.0066666666666666,0.0137931034482758,0.4414903204218179,3.0,0.7097902097902098,0.1416980340480461,2.0,0.8209987513241545,0.1633005821172416,5.0,0.705,0.73,0.222,0.04,2.4735757670018548
glass_did1005,KNN,0.1111111111111111,0.1111111111111111,0.2222222222222222,0.1111111111111111,0.8181818181818182,0.1111111111111111,0.2222222222222222,3.5,0.1538461538461538,0.2222222222222222,0.1111111111111111,0.5151515151515151,0.02278,0.1111111111111111,3.0,1.0,0.7272727272727273,0.1111111111111111,0.5555555555555556,2.233525545776534,0.897196261682243,0.1149883730291713,3379.2,0.6111111111111112,0.5186915887850467,0.1111111111111111,0.897196261682243,69.81,0.0747663551401869,882.6539682539682,3.2,0.1324062227257712,0.8635426264753631,0.1111111111111111,0.0197854389621963,6.0,0.4579951674825198,3.0,0.1869158878504672,0.4545454545454545,4.5,0.3809523809523809,1.0,9.0,0.0233644859813084,0.1775700934579439,0.3996313399450295,7.0,0.897196261682243,6.0,0.0383667598238612,0.822429906542056,0.125,0.009765625,0.0,0.123076923076923,0.0277777777777777,0.0307692307692307,0.3996313399450295,4.0,0.6666666666666666,0.1025986972755148,8.0,0.7010832547413653,0.1861214019208015,3.5,0.7151515151515151,0.8095238095238095,0.02803738317757,0.1111111111111111,3.0237157840738176
heart-statlog_did53,LogisticRegression,0.0769230769230769,0.0769230769230769,0.7692307692307693,0.3076923076923077,0.8148148148148148,0.0769230769230769,0.2307692307692307,2.0,0.1978021978021978,0.6923076923076923,0.0769230769230769,0.3043478260869565,1.0,0.0769230769230769,2.5,1.0,0.4074074074074074,0.2307692307692307,0.2307692307692307,1.3470310885882286,0.9851851851851852,0.0718024955598458,2616.8888888888887,0.9230769230769232,0.1925925925925926,0.0769230769230769,0.9851851851851852,126.0,0.0703703703703703,681.8158730158732,5.0,0.099118724172819,0.8616274266831887,0.0769230769230769,0.1145556613299955,7.0,0.4200693959375486,5.0,0.0592592592592592,0.7777777777777778,1.0,0.1481481481481481,6.0,8.0,0.0222222222222222,0.2259259259259259,0.7384089317721091,3.0,0.9851851851851852,2.5,0.2696280923758752,0.774074074074074,0.1666666666666666,0.017578125,0.3,0.0879120879120879,0.0128205128205128,0.0219780219780219,0.7384089317721091,4.0,0.6923076923076923,0.1352309942769282,7.0,0.7198336825573356,0.1047437105807076,2.5,0.7185185185185186,0.925925925925926,0.0814814814814814,0.1538461538461538,2.258885588639695
hepatitis_c_virus_hcv_for_egyptian_patients_did46850,LogisticRegression,0.0357142857142857,0.0357142857142857,0.7857142857142857,0.0357142857142857,0.2681159420289855,0.0357142857142857,0.2857142857142857,7.0,0.2918918918918919,0.7857142857142857,0.0357142857142857,0.9740820734341252,1.0,0.0357142857142857,2.5,1.5,0.1884057971014492,0.2857142857142857,0.2142857142857142,2.5538289669538874,0.991077261479522,0.0292842342171151,24274534.4,0.984126984126984,0.0693140794223826,0.0714285714285714,0.9880239520958084,3816422.0,0.1162454873646209,404019.6737495734,23.1,0.010190942605688,0.9567788652156676,0.0357142857142857,0.017437789110369,2.5,0.7501718250348041,3.0,0.007942238267148,0.2028985507246377,7.0,0.1798561151079136,3.0,34.0,0.0014440433212996,0.755956678700361,0.1392954272137983,1.0,0.9942363112391932,7.0,0.0048159332677705,0.244043321299639,0.0555555555555555,1.9073486328125e-05,0.2,0.1297297297297297,0.0079365079365079,0.0129729729729729,0.1095658639127191,6.0,0.9642857142857144,0.0509033428901027,2.0,0.8542371752749093,0.2047088952318257,4.0,0.2519966635387342,0.2971014492753623,0.2981949458483754,0.0714285714285714,9.942426859265892
house_16H_seed_0_nrows_2000_nclasses_10_ncols_100_stratify_True_did44387,DecisionTree,0.0625,0.0625,0.9375,0.25,0.77,0.0625,0.0625,2.0,0.2588235294117647,0.9375,0.0625,0.8450704225352113,0.076923,0.0625,2.5,4.0,0.585,0.0625,0.0625,2.549987450880038,0.9905,0.0413753203920902,872448.0,0.9,0.0045,0.0625,0.9905,10.0,0.078,54429.96807636809,13.25,0.0124200292202189,0.8650820410205102,0.0625,0.0351346615814702,2.5,0.4951246140611673,2.5,0.06,0.54,2.0,0.605,1.0,21.0,0.004,0.2175,0.6038361691573098,4.0,0.9905,2.5,0.0505284341436052,0.7825,0.0769230769230769,0.000244140625,0.0,0.1741176470588235,0.0083333333333333,0.028235294117647,0.6038361691573098,6.0,0.9375,0.0676999651945532,15.0,0.8036037011642095,0.1312058330675436,5.0,0.7304999999999999,0.61,0.0065,0.0625,5.579725202313581
ilpd-numeric_did41945,LogisticRegression,0.1,0.1,0.7,0.1,0.7241379310344828,0.1,0.1,6.0,0.1181434599156118,0.7,0.1,0.8235294117647058,1.0,0.1,2.5,2.0,0.5862068965517241,0.1,0.3,4.574892310478047,0.888507718696398,0.0728410384883034,6239027.2,0.9333333333333332,0.0,0.3,0.888507718696398,63.0,0.1012006861063464,447716.4749867264,5.9,0.1910525291959351,0.8771020848437694,0.1,0.0076151103524606,6.0,0.4081750078574551,3.5,0.0600343053173241,0.396551724137931,1.0,0.5,1.0,18.0,0.1698113207547169,0.3396226415094339,0.3466499759202542,3.0,0.888507718696398,6.0,0.0311913286327261,0.660377358490566,0.0555555555555555,1.9073486328125e-05,0.1,0.1856540084388185,0.0222222222222222,0.050632911392405,0.3466499759202542,5.0,0.6,0.0478108977953962,8.0,0.7239979296701757,0.2226375192171361,2.0,0.7135593220338983,0.7586206896551724,0.0034305317324185,0.2,5.138093031466052
ionosphere_did59,SVM,0.0294117647058823,0.0909090909090909,0.0294117647058823,0.7941176470588235,0.9428571428571428,0.0294117647058823,0.0294117647058823,2.0,0.1777777777777777,0.0294117647058823,0.9705882352941176,0.3478260869565217,0.0,0.0871212121212121,3.0,2.0,0.7714285714285715,0.0588235294117647,0.7058823529411765,1.7286243931201823,0.8091168091168092,0.1308756778714074,736.0,0.3885918003565062,0.0427350427350427,0.0294117647058823,0.8091168091168092,0.0,0.0883190883190883,274.8,2.75,0.1938416271776689,0.8431257631257632,0.0294117647058823,0.0624159803106187,7.0,0.4259569699459177,7.0,0.0712250712250712,0.8,3.0,0.5833333333333334,7.0,3.0,0.1823361823361823,0.0911680911680911,0.7873960178148636,5.0,0.8091168091168092,2.5,0.500000005551115,0.9088319088319088,0.1428571428571428,0.03125,0.2,0.1333333333333333,0.0017825311942959,0.0444444444444444,0.7873960178148636,1.0,0.7097902097902098,0.1217444753712165,20.0,0.720672920511796,0.0553794629857645,2.5,0.8204761904761906,0.9714285714285714,0.1054131054131054,0.0294117647058823,0.5878675320972554
jEdit_4.2_4.3_did1048,KNN,0.125,0.125,0.75,0.25,0.7297297297297297,0.125,0.125,4.0,0.1268292682926829,0.75,0.125,0.6213592233009708,8.0,0.125,6.0,3.5,0.4324324324324324,0.125,0.25,2.5058089755087,0.951219512195122,0.0617601631756883,64905.84615384616,0.8214285714285714,0.02710027100271,0.125,0.951219512195122,3.0,0.05420054200542,10698.091863691863,7.846153846153846,0.0570390778457175,0.8972546247201603,0.125,0.0410935752298143,3.5,0.4906649812939447,3.5,0.02710027100271,0.3783783783783784,5.5,0.3783783783783784,1.0,26.0,0.002710027100271,0.3333333333333333,0.3400044435534385,6.0,0.951219512195122,3.5,0.0153680719457382,0.6666666666666666,0.1,0.0015869140625,0.1,0.2048780487804878,0.0357142857142857,0.0195121951219512,0.3400044435534385,3.0,0.875,0.083172766100309,7.0,0.8187569889672072,0.1918208165634152,2.0,0.550075075075075,0.7027027027027027,0.005420054200542,0.125,7.667184247539268
jungle_chess_2pcs_raw_endgame_complete_seed_0_nrows_2000_nclasses_10_ncols_100_stratify_True_did44718,MLP,0.1666666666666666,0.0,0.3333333333333333,0.1666666666666666,0.64,0.3333333333333333,0.3333333333333333,1.0,0.3224530168150346,0.3333333333333333,0.3333333333333333,0.9011857707509882,6.0,0.0,2.0,3.0,0.69,0.1666666666666666,1.0,2.2516451066322145,1.0,0.0213272467743787,3901319.529411765,0.2,0.142,0.1666666666666666,1.0,0.0,0.086,197813.68226544696,29.705882352941178,0.1314405641057173,0.9097943971985992,0.5,0.0336650164612069,4.0,0.5467333625388735,2.0,0.1145,0.645,3.5,0.485,6.0,116.0,0.228,0.2555,0.4153111123217962,7.0,1.0,4.0,0.0275226677822519,0.7445,0.1538461538461538,0.0001296997070312,0.1,0.0553907022749752,0.1333333333333333,0.0118694362017804,0.3083500842742688,6.0,0.0,0.0689407969505554,0.0,0.7761588662197539,0.1508518552735282,1.0,0.5905,0.71,0.096,0.1666666666666666,27.938623206354794
kc2_did1063,SVM,0.0476190476190476,0.0952380952380952,0.9523809523809524,0.4285714285714285,0.9245283018867924,0.0476190476190476,0.0476190476190476,6.0,0.1021897810218978,0.9523809523809524,0.0476190476190476,0.8405797101449275,2.0,0.0476190476190476,5.5,1.0,0.6153846153846154,0.0952380952380952,0.0476190476190476,2.951295465983748,0.9578544061302682,0.0844163710542814,150732.8,0.9904761904761904,0.0,0.0476190476190476,0.9578544061302682,1.0,0.0804597701149425,12599.29759129759,4.533333333333333,0.2439428665255709,0.8630911671483517,0.0476190476190476,0.072331382255625,2.5,0.3150188925275731,5.0,0.0344827586206896,0.7115384615384616,2.0,0.3461538461538461,3.0,11.0,0.0057471264367816,0.3122605363984674,0.5985821241842396,2.0,0.9578544061302682,7.0,0.1532060192479336,0.6877394636015326,0.1538461538461538,0.000457763671875,0.2,0.1167883211678832,0.0047619047619047,0.0291970802919708,0.5985821241842396,2.0,0.7619047619047619,0.0671141982698218,21.0,0.6452812084105451,0.1050566478572033,6.0,0.8329825834542817,0.9245283018867924,0.0019157088122605,0.2857142857142857,2.6627948081810944
kdd_ipums_la_97-small_seed_0_nrows_2000_nclasses_10_ncols_100_stratify_True_did44392,LogisticRegression,0.05,0.0909090909090909,0.75,0.25,0.875,0.05,0.1,2.0,0.2031602708803611,0.7,0.3,0.9144144144144144,7.0,0.0871212121212121,2.5,3.0,0.78,0.2,0.1,4.238478232739153,0.6535,0.0487328314581166,80968303.30434783,0.963157894736842,0.0165,0.05,0.6535,6250.0,0.0,3565867.149620234,9.608695652173912,0.1589619276458838,0.8811260630315157,0.05,0.0163639169448447,3.0,0.400187066991927,3.5,0.0,0.675,3.0,0.76,1.0,29.0,0.1215,0.211,0.7234444631610536,4.0,0.6535,3.0,0.2715846986353222,0.789,0.0454545454545454,2.7418136596679688e-06,0.1,0.1896162528216704,0.031578947368421,0.0225733634311512,0.7234444631610536,3.0,0.7097902097902098,0.037587969980228,14.0,0.8311533828767768,0.1304304355350306,3.0,0.842,0.75,0.006,0.1,8.165878945182106
machine_cpu_did733,LogisticRegression,0.1666666666666666,0.1666666666666666,0.6666666666666666,0.1666666666666666,1.0,0.1666666666666666,0.1666666666666666,3.0,0.1935483870967742,0.6666666666666666,0.1666666666666666,0.5,52.0,0.1666666666666666,2.5,3.5,0.7142857142857143,0.1666666666666666,0.1666666666666666,1.8211717839530317,0.6555023923444976,0.1429415317328754,512.0,0.9333333333333332,0.0334928229665071,0.1666666666666666,0.6555023923444976,64.0,0.124401913875598,153.0857142857143,1.875,0.2210833416294904,0.8220463746779536,0.1666666666666666,0.1915419917226938,6.0,0.3495437096739953,4.0,0.1100478468899521,0.7619047619047619,1.0,0.6666666666666666,7.0,5.0,0.0095693779904306,0.062200956937799,0.7915149245764526,5.0,0.6555023923444976,2.5,0.1613841299499676,0.937799043062201,0.1428571428571428,0.03125,0.0,0.1935483870967742,0.0666666666666666,0.064516129032258,0.7915149245764526,4.0,0.6666666666666666,0.1186257152444878,6.0,0.6290730807511435,0.0431751324887377,5.5,0.8373809523809523,1.0,0.0,0.3333333333333333,1.224744871391589
maternal_health_risk_did46600,DecisionTree,0.1666666666666666,0.1666666666666666,0.3333333333333333,0.1666666666666666,0.6237623762376238,0.1666666666666666,0.1666666666666666,2.0,0.2167182662538699,0.3333333333333333,0.1666666666666666,0.7716049382716049,5.0,0.1666666666666666,6.0,1.0,0.7450980392156863,0.1666666666666666,0.6666666666666666,3.261810308284738,0.8694329851176614,0.06663791707848,1249039.0588235294,0.6666666666666666,0.0522682445759368,0.1666666666666666,0.7389380530973452,98.0,0.019723865877712,148833.20016192956,9.470588235294118,0.0709214072169699,0.9077300809398918,0.1666666666666666,0.0570765159745024,3.0,0.6292429430304248,4.5,0.0631163708086785,0.5392156862745098,6.0,0.2079207920792079,5.0,39.0,0.0019723865877712,0.160749506903353,0.4717262150339644,7.0,0.9407894736842104,3.0,0.083365927958101,0.8392504930966469,0.125,0.0001296997070312,0.0,0.0557275541795665,0.0666666666666666,0.0309597523219814,0.2484063860569547,6.0,0.1666666666666666,0.0557343073077243,5.0,0.8229972907224483,0.1388588187610708,3.0,0.5877305377596582,0.6666666666666666,0.0641025641025641,0.1666666666666666,10.571975532825768
mental_health_detection_did46879,DecisionTree,0.0,0.0714285714285714,0.0714285714285714,0.0714285714285714,0.4629629629629629,0.1428571428571428,0.2857142857142857,1.0,0.0983606557377049,0.2857142857142857,0.7142857142857143,0.6451612903225806,4.0,0.1428571428571428,3.0,3.5,0.2222222222222222,0.2142857142857142,0.2142857142857142,2.643718463041773,0.971663785866854,0.1207661367976494,5771.636363636364,0.0439560439560439,0.0166666666666666,0.0714285714285714,0.9554794520547946,1.0,0.0222222222222222,1230.268398268398,2.727272727272727,0.0545332949025489,0.9787466501752216,0.2142857142857142,0.028220072717685,2.0,0.7310970819717107,6.5,0.0037037037037037,0.2222222222222222,6.0,0.2407407407407407,5.0,7.0,0.0722222222222222,0.5555555555555556,0.2785642316737384,7.0,1.0,2.0,0.0615118277996919,0.4444444444444444,0.2222222222222222,0.00537109375,0.0,0.1639344262295081,0.3736263736263736,0.0655737704918032,0.181430812318792,7.0,0.2142857142857142,0.0899356809585028,0.0,0.9176856202813638,0.2186569749825465,7.0,0.3222222222222222,0.5185185185185185,0.0981481481481481,0.0714285714285714,1.7837651700316894
mfeat-morphological_did962,LogisticRegression,0.1666666666666666,0.1666666666666666,0.8333333333333334,0.3333333333333333,1.0,0.1666666666666666,0.1666666666666666,1.0,0.1481481481481481,0.8333333333333334,0.1666666666666666,0.2857142857142857,1.4157,0.1666666666666666,2.5,3.0,0.725,0.3333333333333333,0.1666666666666666,1.7619295117556786,0.423,0.1627675708134654,256.0,0.9333333333333332,0.0,0.1666666666666666,0.423,1439.53494,0.001,113.63809523809525,1.8571428571428568,0.2258427966658892,0.8357893946973487,0.1666666666666666,0.0,4.0,0.1635962413920433,3.5,0.015,0.995,3.0,0.68,7.0,4.0,0.9,0.0015,0.6262264676124562,4.0,0.423,1.0,0.1707443922158953,0.9985,0.1666666666666666,0.0546875,0.0,0.0,0.0666666666666666,0.074074074074074,0.6262264676124562,4.0,0.8333333333333334,0.1330744897890706,1.0,0.7932121287202133,0.0014912801114994,4.0,0.9535,1.0,0.0355,0.1666666666666666,1.3416407864998738
mu284_did880,DecisionTree,0.1,0.1,0.8,0.7,1.0,0.1,0.1,2.0,0.0,0.7,0.1,0.0,7.0,0.1,3.5,6.5,0.5714285714285714,0.1,0.1,0.0,0.0,0.0,4.0,0.9333333333333332,0.0105633802816901,0.1,0.0,347.0,0.0880281690140845,4.0,1.0,0.0409474354815305,0.8307121883242921,0.1,0.1064161034221323,6.5,0.4478394715257917,5.5,0.0387323943661971,0.5357142857142857,5.5,0.75,4.0,1.0,0.0035211267605633,0.0387323943661971,0.8866359596015013,3.0,0.0,2.0,0.2000237668684865,0.9612676056338028,0.0,0.5,0.0,0.0,0.0222222222222222,0.0,0.8866359596015013,1.0,0.8,0.5,8.0,0.7191018807179684,0.0025510819638595,3.0,0.9508620689655172,1.0,0.0070422535211267,0.1,4.505879558463642
mw1_did1071,SVM,0.027027027027027,0.027027027027027,0.972972972972973,0.1621621621621621,0.925,0.027027027027027,0.027027027027027,6.5,0.0952380952380952,0.972972972972973,0.027027027027027,0.5625,0.65,0.027027027027027,3.0,3.0,0.825,0.054054054054054,0.027027027027027,2.672854883042933,0.6377171215880894,0.1265331468227617,5957.818181818182,0.996996996996997,0.009925558312655,0.027027027027027,0.6377171215880894,17.41,0.1563275434243176,1352.4271284271283,2.8181818181818183,0.2280198869600725,0.8202041899682728,0.027027027027027,0.0073026619600903,3.0,0.1336051952624763,4.5,0.1091811414392059,0.75,5.0,0.825,1.0,7.0,0.9230769230769232,0.1339950372208436,0.510496411924461,2.0,0.6377171215880894,3.0,0.022564313179453,0.8660049627791563,0.1111111111111111,0.00537109375,0.0,0.1269841269841269,0.0015015015015015,0.0634920634920634,0.510496411924461,4.0,0.945945945945946,0.0883246580766573,36.0,0.5985820447154537,0.0565371808362376,3.0,0.9057317073170732,0.9,0.0843672456575682,0.1081081081081081,1.3562719801759993
no2_did886,MLP,0.1428571428571428,0.0909090909090909,0.8571428571428571,0.1428571428571428,0.64,0.1428571428571428,0.1428571428571428,1.0,0.111587982832618,0.7142857142857143,0.1428571428571428,0.6752136752136753,4.22141,0.0871212121212121,2.5,4.0,0.42,0.1428571428571428,0.1428571428571428,3.092898037911179,0.962,0.0654573431669599,255590.4,0.8571428571428571,0.046,0.1428571428571428,0.962,4.12713,0.064,33389.06586746586,7.733333333333333,0.0066800511031583,0.904761523046092,0.1428571428571428,0.0105409255338946,2.0,0.5004516538543512,3.0,0.088,0.48,3.0,0.48,5.0,21.0,0.012,0.418,0.2421766072361809,4.0,0.962,7.0,0.0109833205244068,0.582,0.0769230769230769,0.000457763671875,0.2,0.0858369098712446,0.0476190476190476,0.0171673819742489,0.2421766072361809,7.0,0.7097902097902098,0.0678625941570209,4.0,0.8038757799962467,0.1857030257380536,5.0,0.5700000000000001,0.66,0.05,0.1428571428571428,4.353433237386437
numerai28.6_seed_0_nrows_2000_nclasses_10_ncols_100_stratify_True_did44493,LogisticRegression,0.1904761904761904,0.0952380952380952,0.1904761904761904,0.0952380952380952,0.56,0.1428571428571428,0.0476190476190476,2.0,0.1685823754789272,0.0476190476190476,0.0,0.9642857142857144,0.998727255740307,0.0476190476190476,7.0,4.0,0.43,0.0476190476190476,0.6190476190476191,4.868356781338495,0.9935,0.0311854652565253,1011795180.3076924,0.1285714285714285,0.105,0.1904761904761904,0.9935,0.001272744259693,0.084,18753308.240788847,15.038461538461538,0.0065847493299073,0.9049579789894948,0.0952380952380952,0.0120185042515466,2.0,0.4999878159715188,3.0,0.135,0.47,4.5,0.47,6.0,23.0,0.003,0.525,0.1472822490634596,1.0,0.9935,2.0,0.0008986322146091,0.475,0.0454545454545454,3.8743019104003917e-07,0.3,0.2247765006385696,0.0428571428571428,0.0715197956577266,0.1472822490634596,7.0,0.0952380952380952,0.0390659402383356,0.0,0.7657863183100593,0.1742939265907375,6.0,0.5095000000000001,0.575,0.2,0.0476190476190476,3.106061661915141
oil_spill_did311,LogisticRegression,0.0204081632653061,0.0909090909090909,0.979591836734694,0.979591836734694,0.9574468085106383,0.0204081632653061,0.0204081632653061,6.5,0.1159420289855072,0.979591836734694,0.0204081632653061,0.5714285714285714,0.0,0.0871212121212121,2.5,3.0,0.8709677419354839,0.0408163265306122,0.0204081632653061,2.441930631710089,0.7449306296691569,0.1040116827825856,3584.0,0.9965986394557824,0.0,0.0204081632653061,0.7449306296691569,70312.0,0.1099252934898612,1134.5777777777778,3.4,0.1868962138248585,0.8253131014603801,0.0204081632653061,0.0033229020246414,3.5,0.0830714188914469,1.5,0.0149413020277481,0.723404255319149,6.5,0.9042553191489362,1.0,3.0,0.9562433297758804,0.0384204909284952,0.6524794343532829,2.0,0.7449306296691569,3.5,0.500000005551115,0.9615795090715048,0.1666666666666666,0.009765625,0.1,0.1159420289855072,0.0008503401360544,0.0289855072463768,0.6524794343532829,6.0,0.7097902097902098,0.112028957217592,38.0,0.7665547455364888,0.0192387492215511,6.0,0.9477121940059484,0.9893617021276596,0.0298826040554962,0.0204081632653061,0.8004327833694973
pc4_did1049,LogisticRegression,0.027027027027027,0.027027027027027,0.972972972972973,0.7567567567567568,0.8827586206896552,0.027027027027027,0.027027027027027,5.0,0.1139896373056994,0.972972972972973,0.027027027027027,0.8865979381443299,0.67,0.027027027027027,3.0,3.0,0.773972602739726,0.027027027027027,0.027027027027027,4.179447751217215,0.8765432098765432,0.0739781995689417,2676628.210526316,0.996996996996997,0.0006858710562414,0.027027027027027,0.8765432098765432,2.0,0.1378600823045267,151116.02580123694,5.052631578947368,0.2470030948411525,0.8321014015871536,0.027027027027027,0.0025493405164638,6.0,0.2123267257778945,2.0,0.1611796982167352,0.821917808219178,5.0,0.8287671232876712,3.0,8.0,0.438957475994513,0.1268861454046639,0.5680919104322599,1.0,0.8765432098765432,6.0,0.1091282525879691,0.8731138545953361,0.0588235294117647,3.62396240234375e-05,0.1,0.1761658031088082,0.0015015015015015,0.0621761658031088,0.5680919104322599,6.0,0.8648648648648649,0.0504040518712098,34.0,0.6298135809571226,0.0665535650950246,6.5,0.8779215871516296,0.9246575342465754,0.102880658436214,0.027027027027027,1.9344083032987032
phoneme_did1489,KNN,0.2,0.0909090909090909,0.2,0.2,0.7837338262476895,0.2,0.2,3.0,0.2304060434372049,0.4,0.2,0.979245283018868,5.426737,0.0871212121212121,2.5,1.0,0.8981481481481481,0.2,1.0,3.788682854626776,0.8776831976313841,0.0295869120563264,1367988381.5384614,0.3,0.0,0.2,0.8776831976313841,-2.367461,0.1147298297557364,12156866.37017372,20.346153846153847,0.186877953593195,0.8710452687345203,0.6,0.0007969479994824,3.0,0.4041016136162098,3.0,0.0301628423390081,0.7333333333333333,3.0,0.6925925925925925,6.0,115.0,0.7065136935603257,0.0906735751295336,0.4977938930024684,7.0,0.8776831976313841,6.0,0.0165307047918116,0.9093264248704664,0.125,3.8743019104003917e-07,0.2,0.2889518413597733,0.1,0.0434372049102927,0.4977938930024684,2.0,0.7097902097902098,0.0382990521854761,4.0,0.7162666920867027,0.1444497134295819,4.0,0.7537019921955227,0.7833333333333333,0.0003700962250185,0.2,10.03493896344168
pm10_did750,DecisionTree,0.1428571428571428,0.0909090909090909,0.8571428571428571,0.1428571428571428,0.58,0.1428571428571428,0.1428571428571428,5.0,0.1411764705882353,0.7142857142857143,0.1428571428571428,0.859375,4.545420000000001,0.0871212121212121,6.5,3.0,0.5,0.1428571428571428,0.1428571428571428,3.578011368669852,0.99,0.0684986238104301,1864135.111111111,0.9047619047619048,0.018,0.1428571428571428,0.99,5.0,0.062,117763.22762205114,7.055555555555555,0.0102347584356797,0.903062124248497,0.1428571428571428,0.0319026296373477,3.0,0.5009134336329862,6.0,0.124,0.46,6.5,0.44,6.0,25.0,0.002,0.416,0.0968788090768769,7.0,0.99,3.0,0.0072591570466361,0.584,0.0625,6.866455078125e-05,0.5,0.2196078431372549,0.0476190476190476,0.0470588235294117,0.0968788090768769,6.0,0.7097902097902098,0.0542405011009338,5.0,0.797488573509541,0.176158027048764,2.5,0.5199999999999999,0.64,0.054,0.1428571428571428,4.879500364742666
pol_seed_0_nrows_2000_nclasses_10_ncols_100_stratify_True_did44382,MLP,0.0384615384615384,0.0769230769230769,0.5384615384615384,0.5384615384615384,0.735,0.0769230769230769,0.0384615384615384,2.0,0.2047244094488189,0.1538461538461538,0.1538461538461538,0.484375,34.0,0.0769230769230769,2.5,3.0,0.915,0.3461538461538461,0.4615384615384615,2.398536259987785,0.8285,0.0917257657084277,21845.33333333333,0.8061538461538461,0.011,0.0384615384615384,0.8285,94.0,0.1115,3992.890043290043,5.25,0.0228896963678309,0.880920460230115,0.0769230769230769,0.0105934990547138,2.5,0.4952047355300782,6.5,0.1115,0.685,3.0,0.555,5.0,10.0,0.0575,0.062,0.7164662847689026,7.0,0.8285,6.0,0.0363975036390955,0.938,0.1,0.0029296875,0.0,0.0944881889763779,0.0092307692307692,0.0314960629921259,0.7164662847689026,2.0,0.8076923076923077,0.0853035097049512,26.0,0.751936871083815,0.0936984382565955,5.5,0.696,0.805,0.0095,0.0384615384615384,2.9355829163598037
prnn_synth_did464,SVM,0.5,0.0909090909090909,0.5,0.5,1.0,0.5,0.0,1.0,0.2531645569620253,0.5,0.5,0.625,1.28449127,0.0871212121212121,3.0,2.0,0.72,0.5,1.0,2.698052479009106,0.756,0.120900645551321,13653.333333333334,0.0,0.0,0.5,0.756,-0.19131316,0.024,2549.772582972583,3.25,0.0566329796347019,0.8583132530120482,0.5,0.0809938269252663,5.5,0.4453672904405991,2.5,0.0,0.8,2.0,0.68,4.0,24.0,0.004,0.128,0.7225383418837364,6.0,0.756,2.5,0.1085595473053802,0.872,0.2727272727272727,0.0029296875,0.0,0.1012658227848101,0.0,0.050632911392405,0.7225383418837364,4.0,0.7097902097902098,0.0787939972344567,0.0,0.8211706181591467,0.0924816866974486,2.5,0.8440000000000001,0.92,0.0,0.5,6.363961030678928
pwLinear_did721,SVM,0.1,0.0909090909090909,0.1,0.8,1.0,0.1,0.1,3.0,0.2535211267605634,0.0,0.0,0.3888888888888889,2.0,0.0871212121212121,3.0,3.0,0.75,0.1,1.0,1.4040757000349275,1.0,0.0911953123565829,2048.0,0.2222222222222222,0.135,0.1,1.0,-1.0,0.1,477.77777777777777,3.888888888888889,0.0806356402478481,0.8811557788944724,0.1,0.0950146187582615,4.0,0.4103334784821931,6.5,0.04,0.7,1.0,0.45,6.0,6.0,0.05,0.22,0.7853098526255172,4.0,1.0,4.0,0.4353555295568559,0.78,0.1428571428571428,0.017578125,0.2,0.1126760563380281,0.0666666666666666,0.028169014084507,0.7853098526255172,2.0,0.7097902097902098,0.1179638788813122,0.0,0.7478621501994306,0.0793347238112156,3.0,0.8300000000000001,1.0,0.185,0.1,1.7159383568311668
qsar-biodeg_did1494,MLP,0.024390243902439,0.0909090909090909,0.902439024390244,0.1463414634146341,0.839622641509434,0.024390243902439,0.073170731707317,1.0,0.2139917695473251,0.7317073170731707,0.024390243902439,0.9098360655737704,0.354,0.0871212121212121,2.5,2.5,0.6761904761904762,0.2195121951219512,0.1707317073170731,2.921591992335498,0.9203791469194312,0.0625153453133725,940634.3529411764,0.9768292682926828,0.0521327014218009,0.024390243902439,0.9203791469194312,4.917,0.0966824644549763,41635.505268587614,7.117647058823529,0.1422031223133377,0.858712015611932,0.024390243902439,0.0484570158381273,4.0,0.4459669411003442,4.5,0.1393364928909952,0.638095238095238,2.0,0.6037735849056604,4.0,11.0,0.0170616113744075,0.1696682464454976,0.704182247253049,6.0,0.9203791469194312,4.0,0.0695172442791006,0.8303317535545024,0.1333333333333333,0.0001296997070312,0.0,0.1152263374485596,0.0012195121951219,0.0493827160493827,0.704182247253049,5.0,0.7097902097902098,0.0584117126461823,41.0,0.7281634962395626,0.0878078930061461,6.0,0.7404043126684636,0.7735849056603774,0.0303317535545023,0.024390243902439,2.7088192285391117
quake_did772,LogisticRegression,0.3333333333333333,0.0909090909090909,0.3333333333333333,0.3333333333333333,0.5576036866359447,0.3333333333333333,0.3333333333333333,3.0,0.1735593220338983,0.3333333333333333,0.3333333333333333,0.975609756097561,144.64,0.0871212121212121,3.0,2.0,0.4541284403669725,0.3333333333333333,0.6666666666666666,5.813947224375942,0.9981634527089072,0.0309855487807851,192102173602.9091,0.3333333333333333,0.0073461891643709,0.3333333333333333,0.9981634527089072,0.0,0.0569329660238751,2406531440.3165293,22.33333333333333,0.0578269233986252,0.9009158693461528,0.3333333333333333,0.0010914387393536,3.0,0.4934665608147434,6.0,0.0160697887970615,0.5321100917431193,1.0,0.4792626728110599,6.0,273.0,0.0045913682277318,0.4784205693296602,0.0697566509150365,2.0,0.9981634527089072,3.0,0.0010732867143167,0.5215794306703397,0.032258064516129,3.841705620288849e-09,0.1,0.2101694915254237,0.3333333333333333,0.0352542372881355,0.0697566509150365,7.0,0.7097902097902098,0.0281321922539044,1.0,0.8314223506713265,0.3079122974260851,7.0,0.5546357755887202,0.5825688073394495,0.0018365472910927,0.3333333333333333,27.006172134038792
rmftsa_sleepdata_did679,DecisionTree,0.5,0.5,0.5,0.5,0.6213592233009708,0.5,0.5,3.5,0.2630744849445325,0.5,0.5,0.8955696202531646,0.6000000000000014,0.5,2.0,4.0,0.196078431372549,0.5,0.5,2.7962542039011837,0.9631935363107544,0.0413090447095712,4602083.555555556,0.0,0.2822265625,0.5,0.9242819843342036,100.0,0.0068359375,250867.93194517895,17.5,0.1066403102954386,0.9396555015884652,0.5,0.0416934626308017,2.5,0.6933982608640421,2.5,0.0478515625,0.2549019607843137,1.0,0.2352941176470588,7.0,228.0,0.39453125,0.5458984375,0.1756398839436581,2.0,0.9921996879875196,2.5,0.0259410470147977,0.4541015625,0.0625,6.866455078125e-05,0.1,0.1236133122028526,0.0,0.0158478605388272,0.0760702978183641,4.0,0.5,0.0566216086362346,1.0,0.8342671006888778,0.2033524998410958,3.0,0.4185893774985723,0.6407766990291263,0.0009765625,0.5,99.7020561473032
seeds_did1499,MLP,0.2857142857142857,0.2857142857142857,0.5714285714285714,0.1428571428571428,0.6666666666666666,0.2857142857142857,0.1428571428571428,1.0,0.1935483870967742,0.1428571428571428,0.1428571428571428,0.1875,0.1101999999999999,0.2857142857142857,2.0,2.0,0.6666666666666666,0.1428571428571428,0.2857142857142857,1.0935416468216166,0.2166666666666666,0.1126554192641585,170.66666666666666,0.5714285714285714,0.0857142857142857,0.1428571428571428,0.0,12.41,0.0142857142857142,89.46666666666667,2.5,0.075672570297395,0.8446115288220551,0.2857142857142857,0.0504452335938752,3.0,0.5322775776822156,1.5,0.0142857142857142,0.6190476190476191,4.0,0.4761904761904761,6.0,4.0,0.0428571428571428,0.0666666666666666,0.895631450923499,5.0,0.45,3.0,0.3585033369727886,0.9333333333333332,0.6,0.09375,0.0,0.1290322580645161,0.0476190476190476,0.064516129032258,0.8629220238361976,7.0,0.1428571428571428,0.1698453348225345,2.0,0.797490432458405,0.0086502483988284,4.0,0.6523809523809524,1.0,0.1285714285714285,0.1428571428571428,1.0690449676496976
segment_did958,LogisticRegression,0.1052631578947368,0.0909090909090909,0.5263157894736842,0.8947368421052632,0.9437229437229436,0.1052631578947368,0.0526315789473684,2.5,0.1714285714285714,0.5789473684210527,0.0526315789473684,0.2222222222222222,0.0,0.0871212121212121,2.0,4.0,0.9826839826839828,0.1052631578947368,0.2105263157894736,1.6087993330796877,0.2658008658008658,0.1378979405716013,329.1428571428572,0.7894736842105263,0.0,0.0526315789473684,0.2658008658008658,11.0,0.0303030303030303,157.0095238095238,2.4285714285714284,0.2359327485469317,0.8534329248058135,0.1052631578947368,0.0,1.5,0.2472907630828885,6.0,0.0549783549783549,0.8051948051948052,4.0,0.8831168831168831,1.0,3.0,0.4086580086580086,0.0017316017316017,0.7739809517521904,7.0,0.2658008658008658,1.5,0.5000000055511151,0.9982683982683984,0.1666666666666666,0.0546875,0.1,0.0,0.0116959064327485,0.0571428571428571,0.7739809517521904,3.0,0.7097902097902098,0.1403865772408727,15.0,0.7468868450474744,0.002642229129589,5.0,0.935064935064935,0.8701298701298701,0.0839826839826839,0.0526315789473684,0.6009252125773316
seismic-bumps_did1500,MLP,0.2857142857142857,0.2857142857142857,0.5714285714285714,0.1428571428571428,0.6666666666666666,0.2857142857142857,0.1428571428571428,1.0,0.1935483870967742,0.1428571428571428,0.1428571428571428,0.1875,0.1101999999999999,0.2857142857142857,2.0,2.0,0.6666666666666666,0.1428571428571428,0.2857142857142857,1.0935416468216166,0.2166666666666666,0.1126554192641585,170.66666666666666,0.5714285714285714,0.0857142857142857,0.1428571428571428,0.0,12.41,0.0142857142857142,89.46666666666667,2.5,0.075672570297395,0.8446115288220551,0.2857142857142857,0.0504452335938752,3.0,0.5322775776822156,1.5,0.0142857142857142,0.6190476190476191,4.0,0.4761904761904761,6.0,3.0,0.0428571428571428,0.0666666666666666,0.895631450923499,5.0,0.45,3.0,0.3585033369727886,0.9333333333333332,0.6,0.09375,0.0,0.1290322580645161,0.0476190476190476,0.064516129032258,0.8629220238361976,7.0,0.1428571428571428,0.1698453348225345,2.0,0.7974904324584053,0.0086652251026195,4.0,0.6523809523809524,1.0,0.1285714285714285,0.1428571428571428,0.0
space_ga_did737,DecisionTree,0.8333333333333334,0.0909090909090909,0.8333333333333334,0.6666666666666666,0.8032258064516129,0.8333333333333334,0.1666666666666666,3.0,0.1348571428571428,0.8333333333333334,0.8333333333333334,0.9657534246575342,3.157128,0.0871212121212121,4.5,5.0,0.4083601286173633,0.1666666666666666,0.1666666666666666,3.606274261287751,0.9517219182491148,0.0269116265512695,159748274.08695653,0.6666666666666666,0.0003218538783392,0.1666666666666666,0.9517219182491148,7.586804,0.0376569037656903,3398163.92419248,19.0,0.0083517595473869,0.8920550173247745,0.8333333333333334,0.0678800092434851,4.5,0.4972535398990474,2.5,0.0624396523978113,0.3215434083601286,4.0,0.5337620578778135,4.0,113.0,0.0003218538783392,0.1979401351786289,0.6784979506818744,1.0,0.9517219182491148,4.5,0.0200979410759837,0.8020598648213711,0.05,2.7418136596679688e-06,0.1,0.3177142857142857,0.2,0.0274285714285714,0.6784979506818744,2.0,0.7097902097902098,0.0447750464880791,6.0,0.7891892366060019,0.1174397918319214,3.0,0.7280365107354008,0.8456591639871383,0.0003218538783392,0.1666666666666666,22.833454987510468
stock_did841,KNN,0.1111111111111111,0.1111111111111111,0.3333333333333333,0.2222222222222222,1.0,0.1111111111111111,0.2222222222222222,4.0,0.1772151898734177,0.2222222222222222,0.2222222222222222,0.575,12.375,0.1111111111111111,3.0,3.0,0.4947368421052631,0.1111111111111111,0.4444444444444444,2.203581001635572,0.5968421052631578,0.0997233249672448,7447.272727272727,0.5833333333333334,0.2421052631578947,0.1111111111111111,0.5968421052631578,58.0,0.0073684210526315,1730.1096681096683,3.5454545454545454,0.0523493396817387,0.8646996838777661,0.1111111111111111,0.1482679314666021,4.5,0.4615078810547174,4.5,0.0410526315789473,0.4842105263157895,4.5,0.4842105263157895,2.0,10.0,0.0831578947368421,0.0347368421052631,0.7383780871812702,7.0,0.5968421052631578,7.0,0.0743398834595969,0.9652631578947368,0.1,0.00537109375,0.0,0.0759493670886076,0.0277777777777777,0.0253164556962025,0.7383780871812702,3.0,0.3333333333333333,0.0822283587280567,2.0,0.8079532868261593,0.0994162924776129,3.0,0.8242105263157894,1.0,0.2494736842105263,0.1111111111111111,2.29128784747792
strikes_did770,DecisionTree,0.1666666666666666,0.0909090909090909,0.8333333333333334,0.3333333333333333,0.984126984126984,0.1666666666666666,0.1666666666666666,1.0,0.175438596491228,0.8333333333333334,0.1666666666666666,0.0689655172413793,17.0,0.0871212121212121,6.5,7.0,0.3174603174603174,0.1666666666666666,0.1666666666666666,1.2979711337465902,0.832,0.1032638032511113,530.2857142857143,0.6666666666666666,0.0032,0.1666666666666666,0.832,1951.0,0.0512,299.4857142857143,4.0,0.0091921152529461,0.895148717948718,0.1666666666666666,0.2311211602088389,3.0,0.4975505606034254,1.0,0.1408,0.3870967741935484,6.5,1.0,2.0,12.0,0.0032,0.008,0.3678809967950793,3.0,0.832,5.5,0.03700167235849,0.992,0.3333333333333333,0.0546875,0.1,0.0,0.0666666666666666,0.0350877192982456,0.3678809967950793,4.0,0.7097902097902098,0.1456996772511138,4.0,0.7670230909962629,0.1926542825706559,2.5,0.7303123399897593,0.9516129032258064,0.016,0.1666666666666666,5.128352561983234
student_lifestyle_dataset_did46752,DecisionTree,0.1428571428571428,0.1428571428571428,0.8571428571428571,0.5714285714285714,0.74,0.1428571428571428,0.1428571428571428,2.0,0.0,0.8571428571428571,0.1428571428571428,0.5,1.7599999999999998,0.1428571428571428,3.5,5.0,0.045,0.1428571428571428,0.1428571428571428,0.957427107756338,0.2617353459293288,0.0721687836487032,10.666666666666666,0.6666666666666666,0.0895,0.1428571428571428,0.0,5.0,0.1015,9.333333333333332,1.0,0.1300874739988441,0.8927083541770886,0.1428571428571428,0.0035355339059327,2.5,0.5714547795602124,1.5,0.0705,0.825,5.5,0.725,7.0,2.0,0.0645,0.1215,0.4777761845882035,1.0,0.5114503816793893,2.5,0.1273828588518448,0.8785,0.3333333333333333,0.375,0.1,0.2857142857142857,0.0952380952380952,0.0,0.1498464046494437,6.0,0.8571428571428571,0.2580005327400437,2.0,0.7836477976222873,0.0391294049906175,2.5,0.72,0.885,0.2065,0.1428571428571428,0.7071067811865476
sylvine_seed_0_nrows_2000_nclasses_10_ncols_100_stratify_True_did44678,LogisticRegression,0.05,0.0909090909090909,0.75,0.9,0.93,0.05,0.05,2.0,0.1802575107296137,0.65,0.25,0.9145299145299144,44.0,0.0871212121212121,2.0,4.0,0.64,0.05,0.25,4.699423997914225,0.7895,0.0711719227155171,22306071.272727277,0.9894736842105264,0.2295,0.05,0.7895,1925.0,0.052,1095741.671496718,5.2727272727272725,0.0050890480145085,0.8844922461230615,0.05,0.0238572141430357,2.5,0.4966094496296209,2.5,0.215,0.87,4.0,0.805,6.0,13.0,0.0015,0.2535,0.7316471388623079,3.0,0.7895,6.0,0.0647311988222092,0.7465,0.05,5.245208740234375e-06,0.1,0.2060085836909871,0.0052631578947368,0.0944206008583691,0.7316471388623079,7.0,0.7097902097902098,0.0425627902736065,17.0,0.7965202050262957,0.0732489038444557,3.0,0.911,0.91,0.1325,0.05,3.3497839678968773
thyroid-new_did40682,LogisticRegression,0.2,0.0909090909090909,0.2,0.4,0.8571428571428571,0.2,0.4,3.0,0.1739130434782608,0.2,0.2,0.25,9.8,0.0871212121212121,3.0,4.5,0.8571428571428571,0.2,0.6,1.337115846843043,0.1349849849849849,0.1400451006223828,128.0,0.3,0.0,0.2,0.0,65.0,0.1581395348837209,63.2,1.8333333333333333,0.2702650469677767,0.830732449467507,0.2,0.05267894122573,5.5,0.4161085445485306,4.0,0.041860465116279,0.9047619047619048,5.5,0.7619047619047619,7.0,4.0,0.6976744186046512,0.027906976744186,0.7704264895433361,6.0,0.2216216216216216,2.5,0.3016402706565145,0.972093023255814,0.2,0.09375,0.3,0.1739130434782608,0.2,0.0869565217391304,0.6501485011909116,5.0,0.7097902097902098,0.1593669969192894,5.0,0.5876613318471702,0.0020293215779607,6.5,0.7722943722943723,1.0,0.0,0.2,1.095445115010332
total_score_did46505,DecisionTree,0.1,0.0909090909090909,0.9,0.4,0.5833333333333334,0.1,0.1,5.0,0.4372093023255814,0.9,0.1,0.8518518518518519,0.92082,0.0871212121212121,3.5,2.0,0.3055555555555556,0.3,0.1,1.5667892839932678,0.6701365670212023,0.0439731635085422,36864.0,0.9333333333333332,0.0055632823365785,0.1,0.2754880694143167,19469386.0,0.1043115438108484,4235.112265512265,8.916666666666666,0.2061014858253636,0.908926433726818,0.1,0.0058408026836858,5.5,0.5833722044782549,3.5,0.0584144645340751,0.5416666666666666,2.0,0.3472222222222222,3.0,14.0,0.0027816411682892,0.4464534075104311,0.2863290684939699,1.0,0.9847715736040608,5.5,0.0398343167019773,0.5535465924895688,0.1111111111111111,0.0029296875,0.0,0.0744186046511627,0.0222222222222222,0.0186046511627906,0.0978861768476739,6.0,0.7097902097902098,0.0940175709159429,8.0,0.7117537380942931,0.1329598017270568,3.5,0.5799687010954616,0.6111111111111112,0.0027816411682892,0.3,2.496664441476534
user-knowledge_did1508,MLP,0.2,0.0,0.4,0.8,0.575,0.2,0.2,1.0,0.1518987341772152,0.2,0.6,0.55,0.9,0.0,2.5,4.0,0.6585365853658537,0.2,1.0,2.037469521559047,0.301201243911196,0.0973315791851978,4096.0,0.3,0.2952853598014888,0.2,0.0,0.0,0.064516129032258,993.3460317460318,3.9,0.0872612343362295,0.9059170648000692,0.4,0.0439006040718608,6.0,0.7013910558200737,2.5,0.0173697270471464,0.7560975609756098,4.0,0.6,6.0,13.0,0.0198511166253101,0.205955334987593,0.3615932615291652,5.0,0.8,3.0,0.3072101360830011,0.794044665012407,0.125,0.009765625,0.1,0.1012658227848101,0.2,0.0253164556962025,0.0873528901258799,7.0,0.0,0.1007021917564646,1.0,0.8526694750737925,0.0168979581976758,3.0,0.5534756097560976,0.9,0.0595533498759305,0.2,4.658325879540846
vehicle_did54,LogisticRegression,0.0555555555555555,0.0555555555555555,0.9444444444444444,0.1666666666666666,0.4285714285714285,0.0555555555555555,0.0555555555555555,3.0,0.1858736059479553,0.7222222222222222,0.0555555555555555,0.8444444444444444,12.0,0.0555555555555555,5.0,1.0,0.6,0.0555555555555555,0.0555555555555555,3.199675218454702,0.7503935508082037,0.0554888858712065,1040865.8823529412,0.9019607843137256,0.0602836879432624,0.0555555555555555,0.5635491606714629,184.0,0.0023640661938534,73021.96731373202,7.882352941176471,0.0177002961284429,0.9275728454124528,0.0555555555555555,0.0277836383275456,2.5,0.7375083333851298,7.0,0.0047281323877068,0.4047619047619047,2.0,0.1647058823529411,5.0,17.0,0.0094562647754137,0.3049645390070922,0.6738147443927072,6.0,0.9463869463869464,5.5,0.1143879062036446,0.6950354609929078,0.1428571428571428,0.0001296997070312,0.0,0.1115241635687732,0.0130718954248366,0.0446096654275092,0.3605251076765193,3.0,0.2777777777777778,0.0620415181136859,8.0,0.8886049917804019,0.0292036361767615,6.0,0.3971848739495798,0.5882352941176471,0.1631205673758865,0.1666666666666666,4.314438443756884
vertebra-column_did1523,LogisticRegression,0.1666666666666666,0.0909090909090909,0.5,0.3333333333333333,0.8064516129032258,0.1666666666666666,0.3333333333333333,2.0,0.1123595505617977,0.3333333333333333,0.1666666666666666,0.1555555555555555,55.986812,0.0871212121212121,2.0,3.0,0.6774193548387096,0.1666666666666666,0.6666666666666666,1.5159089016097893,0.4690079365079365,0.0972591357592507,1440.0,0.2666666666666666,0.0096774193548387,0.1666666666666666,0.2095238095238095,70.082575,0.0806451612903225,794.4380952380953,5.5,0.1134714921009264,0.876417162543063,0.1666666666666666,0.0348426919269239,5.0,0.6047517606624796,3.0,0.0354838709677419,0.7096774193548387,4.0,0.5806451612903226,6.5,14.0,0.0032258064516129,0.2387096774193548,0.605257052842004,6.5,0.8375,2.0,0.1812508288455782,0.7612903225806451,0.1666666666666666,0.03125,0.2,0.0898876404494382,0.0666666666666666,0.0224719101123595,0.4536867416860101,5.0,0.7097902097902098,0.1414386130858158,6.0,0.7579597360890604,0.0473356645105614,3.5,0.7741935483870968,0.935483870967742,0.0,0.1666666666666666,5.00666222813829
vinnie_did860,DecisionTree,0.5,0.5,0.5,0.5,0.9473684210526316,0.5,0.5,1.5,0.1454545454545454,0.5,0.5,0.0357142857142857,3.0,0.5,2.0,4.0,0.631578947368421,0.5,1.0,0.6372477195601849,0.7263157894736842,0.0569637984918872,298.6666666666667,0.0,0.1,0.5,0.7263157894736842,85.0,0.0210526315789473,185.3333333333333,4.5,0.0642992484231812,0.8977641994167477,0.5,0.1978843160127995,6.5,0.4442457929219806,6.5,0.0236842105263157,0.7631578947368421,2.0,0.7368421052631579,6.0,17.0,0.0026315789473684,0.2,0.7200137054308037,3.0,0.7263157894736842,6.5,0.1055185318104159,0.8,0.25,0.09375,0.0,0.0727272727272727,0.0,0.0363636363636363,0.7200137054308037,5.0,0.5,0.1860966778269205,0.0,0.8138266543753957,0.1037735849051054,3.5,0.8473684210526317,0.9473684210526316,0.0,0.5,4.949747468305833
visualizing_galaxy_did925,MLP,0.25,0.0909090909090909,0.25,0.25,1.0,0.25,0.25,1.0,0.1621621621621621,0.25,0.25,0.4736842105263157,59.151069,0.0871212121212121,4.5,5.0,0.6875,0.25,0.75,2.064741604835056,0.4736842105263157,0.1506294028910578,1080.888888888889,0.5,0.0773993808049535,0.25,0.4736842105263157,12.5,0.0309597523219814,281.168253968254,2.0,0.0650299096993355,0.8596427129204085,0.25,0.1906382734217748,2.5,0.4395805699404786,1.5,0.0216718266253869,0.40625,4.0,0.4848484848484848,5.0,9.0,0.0247678018575851,0.0650154798761609,0.7978154520188914,6.0,0.4736842105263157,2.5,0.1296798512963872,0.934984520123839,0.125,0.017578125,0.0,0.1081081081081081,0.3333333333333333,0.054054054054054,0.7978154520188914,2.0,0.7097902097902098,0.1014225679227333,1.0,0.7932402013876527,0.0137253431118101,3.0,0.8049242424242424,1.0,0.1083591331269349,0.25,3.605551275463989
volcanoes-a1_did1527,DecisionTree,0.6666666666666666,0.3333333333333333,0.3333333333333333,0.6666666666666666,0.926153846153846,0.6666666666666666,0.6666666666666666,2.5,0.1627118644067796,0.3333333333333333,0.6666666666666666,0.8716216216216216,0.422818,0.6666666666666666,2.5,6.5,1.0,0.3333333333333333,0.6666666666666666,2.3259805880316327,0.7445416831762921,0.0529990293128465,323310.93333333335,0.6666666666666666,0.0,0.3333333333333333,0.2697674418604651,16.0,0.2297047970479704,20667.43647463648,9.8,0.259352445127274,0.8471718229947602,0.6666666666666666,0.0001193875473399,6.5,0.154672419006871,1.5,0.022140221402214,0.8926380368098159,6.5,1.0,5.0,56.0,0.9077490774907748,0.0,0.2441568853272199,6.5,0.9540229885057472,6.5,0.039741276611074,0.0,0.0833333333333333,0.000457763671875,0.0,0.0745762711864406,0.3333333333333333,0.0135593220338983,0.0160719187660554,1.5,0.3333333333333333,0.072625926925779,1.0,0.4265519506666127,0.1520136057779881,3.0,0.9102095327984898,0.926153846153846,0.0178351783517835,0.3333333333333333,7.54983443527075
wall-robot-navigation_did1525,DecisionTree,0.5,0.5,0.5,0.5,0.7908256880733945,0.5,0.5,1.5,0.0,0.5,0.0,0.5,4.505,0.5,2.5,4.0,0.9505494505494504,0.5,1.0,0.957427107756338,0.0,0.0721687836487032,10.666666666666666,0.0,0.0,0.5,0.0,0.495,0.096041055718475,9.333333333333332,1.0,0.1180427277831249,0.8687579798457655,0.5,0.0010536814513254,4.0,0.6400173870202774,2.0,0.0150293255131964,0.8626373626373627,4.0,0.7271062271062271,6.0,2.0,0.000183284457478,0.0119134897360703,0.6539617790807373,7.0,0.0,4.0,0.0894295877585692,0.9880865102639296,0.3333333333333333,0.375,0.0,0.2857142857142857,0.0,0.0,0.6222860144951893,4.0,0.5,0.2580005327400437,2.0,0.7443679159049923,0.001550713038303,3.0,0.7884907752797661,0.934065934065934,0.0,0.5,0.7071067811865476
waveform_did47155,LogisticRegression,0.2857142857142857,0.0909090909090909,0.1904761904761904,0.1428571428571428,0.6,0.1428571428571428,0.0952380952380952,1.0,0.3036649214659686,0.2857142857142857,0.0476190476190476,0.84375,6.1158,0.0871212121212121,7.0,2.0,0.7,0.0952380952380952,0.8571428571428571,2.357495511707137,0.746236373211833,0.0551283089639949,112347.42857142857,0.3142857142857143,0.32375,0.0476190476190476,0.6660341555977229,-0.7136,0.05375,9467.91324231324,6.785714285714286,0.012512474841628,0.8823623279098873,0.1428571428571428,0.0282597082630219,7.0,0.6400600114357214,4.0,0.0525,0.725,2.0,0.4375,6.0,7.0,0.00875,0.2325,0.6748011799343216,5.0,0.8099630996309963,4.5,0.0565979133926549,0.7675,0.0909090909090909,0.0008544921875,0.3,0.1465968586387434,0.019047619047619,0.0209424083769633,0.6694724889171124,5.0,0.7097902097902098,0.0769118482512655,9.0,0.8188039159232097,0.048907883230072,2.0,0.5725,0.875,0.18,0.0952380952380952,1.6917165134574887
wdbc_did1510,LogisticRegression,0.0333333333333333,0.0333333333333333,0.9333333333333332,0.1666666666666666,0.9464285714285714,0.0333333333333333,0.0333333333333333,3.0,0.1860465116279069,0.9,0.0333333333333333,0.2727272727272727,0.028945,0.0333333333333333,6.5,2.5,0.8421052631578947,0.1666666666666666,0.0333333333333333,1.2140947137789433,0.4833040421792619,0.105909061152988,402.2857142857143,0.9954022988505749,0.18804920913884,0.0333333333333333,0.4833040421792619,185.2,0.1124780316344463,166.17142857142858,3.0,0.134477715977435,0.8167962078269264,0.0333333333333333,0.077739249991934,3.5,0.4273741410818694,5.0,0.1546572934973638,0.8771929824561403,2.0,0.7894736842105263,6.0,3.0,0.0105448154657293,0.0492091388400703,0.8799571923747476,5.0,0.4833040421792619,3.5,0.104074077285816,0.9507908611599296,0.2,0.0546875,0.0,0.0,0.0022988505747126,0.0465116279069767,0.8799571923747476,3.0,0.8666666666666667,0.1578153644192311,29.0,0.7101713625589045,0.0124714955157815,7.0,0.8928884711779448,0.9649122807017544,0.0720562390158172,0.1666666666666666,0.7679476477883045
wilt_did40983,KNN,0.2,0.2,0.4,0.2,0.9462809917355371,0.2,0.2,5.0,0.392156862745098,0.4,0.2,0.8181818181818182,156.508431,0.2,3.5,3.0,0.9399585921325052,0.2,0.4,1.8521015755270336,0.8493490390576566,0.0577718415273334,26282.666666666668,0.7,0.0,0.2,0.8493490390576566,117.210526,0.2300061996280223,3179.492063492064,6.333333333333333,0.2009779893432889,0.82269627691706,0.2,0.0006503951806684,3.5,0.1027846329980541,3.0,0.1487910725356478,0.8326446280991735,1.0,0.8695652173913043,1.0,27.0,0.9460632362058276,0.0473238272370324,0.390823801731175,7.0,0.8493490390576566,3.5,0.0036117200226433,0.9526761727629676,0.25,0.0029296875,0.2,0.1045751633986928,0.1,0.0261437908496732,0.390823801731175,4.0,0.4,0.1061065217562582,5.0,0.5116103641974254,0.0213199454253147,3.5,0.9460632582174086,0.9648760330578512,0.0,0.2,7.758865896508328
wine_did43980,DecisionTree,0.0909090909090909,0.0909090909090909,0.8181818181818182,0.3636363636363636,0.8156862745098039,0.0909090909090909,0.1818181818181818,3.0,0.228646517739816,0.8181818181818182,0.0909090909090909,0.8713910761154856,0.01609,0.0909090909090909,2.5,4.0,0.5546875,0.0909090909090909,0.1818181818181818,2.94589512839025,0.9945184025058732,0.0268521338912409,5548714.666666667,0.9636363636363636,0.004698512137823,0.0909090909090909,0.9945184025058732,8.0,0.086530931871574,291236.2880204763,21.11111111111111,0.0151709334056219,0.8838723984956663,0.0909090909090909,0.0779816374430154,5.5,0.4926614085676239,6.0,0.0415035238841033,0.3203125,1.0,0.4941176470588235,5.0,41.0,0.0007830853563038,0.2184808144087705,0.5402119067348086,4.0,0.9945184025058732,2.5,0.020365429157428,0.7815191855912295,0.0714285714285714,6.866455078125e-05,0.1,0.1734559789750328,0.0181818181818181,0.0157687253613666,0.5402119067348086,2.0,0.7272727272727273,0.0619018748496536,9.0,0.8204531303133836,0.1565623508434123,7.0,0.7114659926470589,0.807843137254902,0.0050900548159749,0.0909090909090909,5.164564577263728
